ENUM_ID,CODE,DESCRIPTION,SEQUENCE_NUM,ENUM_TYPE_ID
1,NULL,NULL,NULL,1
ABRUPTIO_PLACENTA,ABRUPTIO_PLACENTA,Abruptio Placenta,1,MATERNAL_RELATED_DISEASES
AFF_MIDWIFE,MIDWIFE,Midwife,14,AFF_DESIGNATION
AFF_NURSE,NURSE,Nurse,16,AFF_DESIGNATION
AF_ABSENT,AF_ABSENT,Absent,NULL,AMNIOTIC_FLUID
AF_BLOODY,AF_BLODDY,Bloody,NULL,AMNIOTIC_FLUID
AF_CLEAR,AF_CLEAR,Clear,NULL,AMNIOTIC_FLUID
AF_STAINED,AF_STAINED,Meconium Stained,NULL,AMNIOTIC_FLUID
AIR_TIME_LOAD,AIR_TIME_LOAD,Airtime Load,1,PAYMENT_MODE_TYPE
ASPHYXIA,ASPHYXIA,Asphyxia,1,INFANT_AND_UNDER_FIVE_RELATED_DISEASES
ASPHYXIA_NEONATORUM,ASPHYXIA_NEONATORUM,Asphyxia Neonatorum,1,NEONATAL_RELATED_DISEASES
BARANGAY_HEALTH_STATION,BARANGAY_HEALTH_STATION,Barangay Health Station,1,FACILITY_TYPE
BREAST,BREAST,Breast,1,CANCER
BRONCHIAL_ASTHMA,BRONCHIAL_ASTHMA,Bronchial Asthma,2,INFANT_AND_UNDER_FIVE_RELATED_DISEASES
BRONCHIECTASIS,BRONCHIECTASIS,Bronchiectasis,1,CHRONIC_OBSTRUCTIVE_PULOMARY_DISEASE
CAESAREAN,CAESAREAN,Caesarean,1,MATERNAL_DELIVERY_TYPE
CANCER,CANCER,Cancer,1,CAUSE_OF_DEATH
CC,CC,Changing Clinic,4,FP_CLIENT
CENTER_FOR_HEALTH_DEVT,CENTER_FOR_HEALTH_DEVT,Center for Health Development,2,FACILITY_TYPE
CHIEF_NURSE,CHIEF NURSE,Chief Nurse,1,AFF_DESIGNATION
CHIEF_OF_HOSPITAL,CHIEF OF HOSPITAL,Chief of Hospital,2,AFF_DESIGNATION
CHRONIC_ASTHMA,CHRONIC_ASTHMA,Chronic Asthma,2,CHRONIC_OBSTRUCTIVE_PULOMARY_DISEASE
CHRONIC_BRONCHITIS,CHRONIC_BRONCHITIS,Chronic Bronchitis,3,CHRONIC_OBSTRUCTIVE_PULOMARY_DISEASE
CHRONIC_OBSTRUCTIVE_PULOMARY_DISEASE,CHRONIC_OBSTRUCTIVE_PULOMARY_DISEASE,Chronic Obstructive Pulomary Disease,2,CAUSE_OF_DEATH
CITY_HEALTH_OFFICER,CITY HEALTH OFFICER,City Health Officer,3,AFF_DESIGNATION
CM,CM,Changing Method,3,FP_CLIENT
COLON,COLON,Colon,2,CANCER
CON,CON,CON - Condom,1,FP_METHOD
CONGENITAL_ANOMALY,CONGENITAL_ANOMALY,Congenital Anomaly,3,INFANT_AND_UNDER_FIVE_RELATED_DISEASES
CONGENITAL_ANOMALY_NEONATAL_RELATED_DISEASES,CONGENITAL_ANOMALY,Congenital Anomaly,2,NEONATAL_RELATED_DISEASES
CONGENITAL_HEART_DISEASE,CONGENITAL_HEART_DISEASE,Congenital Heart Disease,3,NEONATAL_RELATED_DISEASES
CREDIT_CARD,CREDIT_CARD,Credit Card,2,PAYMENT_MODE_TYPE
CU,CU,Current User,1,FP_CLIENT
CVA,CVA,CVA,3,CAUSE_OF_DEATH
DENTAL_AIDE,DENTAL AIDE,Dental Aide,4,AFF_DESIGNATION
DENTIST,DENTIST,Dentist,5,AFF_DESIGNATION
DEPT_ALLERGOLOGY,DEPT_ALLERGOLOGY,Allergology,1,AFF_DEPT
DEPT_ANESTHESIOLOGY,DEPT_ANESTHESIOLOGY,Anesthesiology,2,AFF_DEPT
DEPT_BLOOD_BANK,DEPT_BLOOD_BANK,Blood Bank,3,AFF_DEPT
DEPT_CARDIOLOGY,DEPT_CARDIOLOGY,Cardiology,4,AFF_DEPT
DEPT_CARDIOTHORACIC,DEPT_CARDIOTHORACIC,Cardiothoracic Surgery,5,AFF_DEPT
DEPT_DENTAL,DEPT_DENTAL,Dental,6,AFF_DEPT
DEPT_DERMATOLOGY,DEPT_DERMATOLOGY,Dermatology,7,AFF_DEPT
DEPT_ENDOCRINOLOGY,DEPT_ENDOCRINOLOGY,Endocrinology,8,AFF_DEPT
DEPT_ENT,DEPT_ENT,ENT,9,AFF_DEPT
DEPT_FAMILY_MED,DEPT_FAMILY_MED,Family Medicine,10,AFF_DEPT
DEPT_FAMILY_PLAN,DEPT_FAMILY_PLAN,Family Planning,11,AFF_DEPT
DEPT_GASTROENTEROLOGY,DEPT_GASTROENTEROLOGY,Gastroenterology,12,AFF_DEPT
DEPT_GEN_SURGERY,DEPT_GEN_SURGERY,General Surgery,13,AFF_DEPT
DEPT_GERIATRICS,DEPT_GERIATRICS,Geriatrics,14,AFF_DEPT
DEPT_INFECT_DISEASE,DEPT_INFECT_DISEASE,Infectious Diseases,15,AFF_DEPT
DEPT_INTERNAL_MED,DEPT_INTERNAL_MED,Internal Medicine,16,AFF_DEPT
DEPT_LAB,DEPT_LAB,Laboratory,17,AFF_DEPT
DEPT_NEONATOLOGY,DEPT_NEONATOLOGY,Neonatology,18,AFF_DEPT
DEPT_NEPHROLOGY,DEPT_NEPHROLOGY,Nephrology,19,AFF_DEPT
DEPT_NEUROLOGY,DEPT_NEUROLOGY,Neurology,20,AFF_DEPT
DEPT_NEUROSURGERY,DEPT_NEUROSURGERY,Neurosurgery,21,AFF_DEPT
DEPT_NEWBORN_SCREENING,DEPT_NEWBORN_SCREENING,Newborn Screening,22,AFF_DEPT
DEPT_OBS_GYNECOLOGY,DEPT_OBS_GYNECOLOGY,Obstetrics-Gynecology,23,AFF_DEPT
DEPT_OPTHALMOLOGY,DEPT_OPTHALMOLOGY,Opthalmology,24,AFF_DEPT
DEPT_ORTHOPEDICS,DEPT_ORTHOPEDICS,Orthopedics,25,AFF_DEPT
DEPT_OTHERS,DEPT_OTHERS,Others,99,AFF_DEPT
DEPT_PEDIATRICS,DEPT_PEDIATRICS,Pediatrics,26,AFF_DEPT
DEPT_PEDIA_ALLERGOLOGY,DEPT_PEDIA_ALLERGOLOGY,Pediatric Allergology,27,AFF_DEPT
DEPT_PEDIA_CARDIOLOGY,DEPT_PEDIA_CARDIOLOGY,Pediatric Cardiology,28,AFF_DEPT
DEPT_PEDIA_ENDOCRINOLOGY,DEPT_PEDIA_ENDOCRINOLOGY,Pediatric Endocrinology,29,AFF_DEPT
DEPT_PEDIA_GASTROENTEROLOGY,DEPT_PEDIA_GASTROENTEROLOGY,Pediatric Gastroenterology,30,AFF_DEPT
DEPT_PEDIA_HAEMATOLOGY,DEPT_PEDIA_HAEMATOLOGY,Pediatric Haematology,31,AFF_DEPT
DEPT_PEDIA_INFECT_DISEASE,DEPT_PEDIA_INFECT_DISEASE,Pediatric Infectious Diseases,32,AFF_DEPT
DEPT_PEDIA_NEPHROLOGY,DEPT_PEDIA_NEPHROLOGY,Pediatric Nephrology,33,AFF_DEPT
DEPT_PEDIA_ONCOLOGY,DEPT_PEDIA_ONCOLOGY,Pediatric Oncology,34,AFF_DEPT
DEPT_PEDIA_SURGERY,DEPT_PEDIA_SURGERY,Pediatric Surgery,35,AFF_DEPT
DEPT_PLASTIC_SURGERY,DEPT_PLASTIC_SURGERY,Plastic Surgery,36,AFF_DEPT
DEPT_PSYCHIATRY,DEPT_PSYCHIATRY,Psychiatry,37,AFF_DEPT
DEPT_PULMUNOLOGY,DEPT_PULMUNOLOGY,Pulmunology,38,AFF_DEPT
DEPT_RADIOLOGY,DEPT_RADIOLOGY,Radiology,39,AFF_DEPT
DEPT_REHAB_MED,DEPT_REHAB_MED,Rehabilitation Medicine,40,AFF_DEPT
DEPT_RHEUMATOLOGY,DEPT_RHEUMATOLOGY,Rheumatology,41,AFF_DEPT
DEPT_SURGERY_UROLOGY,DEPT_SURGERY_UROLOGY,Surgery - Urology,42,AFF_DEPT
DEPT_SURGICAL_ONCOLOGY,DEPT_SURGICAL_ONCOLOGY,Surgical Oncology,43,AFF_DEPT
DEPT_VASCULAR_SURGERY,DEPT_VASCULAR_SURGERY,Vascular Surgery,44,AFF_DEPT
DF_1_PER_WEEK,DF_1_PER_WEEK,1 time per week,16,DOSAGE_FREQUENCY
DF_1_TIME,DF_1_TIME,1 time,21,DOSAGE_FREQUENCY
DF_1_TIME_PER_DAY,DF_1_TIME_PER_DAY,1 time per day,1,DOSAGE_FREQUENCY
DF_1_TIME_PER_DAY_AM,DF_1_TIME_PER_DAY_AM,1 time per day in the morning,2,DOSAGE_FREQUENCY
DF_1_TIME_PER_DAY_BED,DF_1_TIME_PER_DAY_BED,1 time per day at bed time,4,DOSAGE_FREQUENCY
DF_1_TIME_PER_DAY_PM,DF_1_TIME_PER_DAY_PM,1 time per day in the evening,3,DOSAGE_FREQUENCY
DF_2_TIMES_PER_DAY,DF_2_TIMES_PER_DAY,2 times per day,5,DOSAGE_FREQUENCY
DF_3_TIMES_PER_DAY,DF_3_TIMES_PER_DAY,3 times per day,6,DOSAGE_FREQUENCY
DF_4_TIMES_PER_DAY,DF_4_TIMES_PER_DAY,4 times per day,7,DOSAGE_FREQUENCY
DF_AS_NEEDED,DF_AS_NEEDED,As needed,20,DOSAGE_FREQUENCY
DF_EVERY_12HOURS,DF_EVERY_12HOURS,Every 12 hours,14,DOSAGE_FREQUENCY
DF_EVERY_24HOURS,DF_EVERY_24HOURS,Every 24 hours,15,DOSAGE_FREQUENCY
DF_EVERY_28_DAYS,DF_EVERY_28_DAYS,Every 28 days,18,DOSAGE_FREQUENCY
DF_EVERY_2HOURS,DF_EVERY_2HOURS,Every 2 hours,9,DOSAGE_FREQUENCY
DF_EVERY_2_WEEKS,DF_EVERY_2_WEEKS,Every 2 weeks,17,DOSAGE_FREQUENCY
DF_EVERY_30_DAYS,DF_EVERY_30_DAYS,Every 30 days,19,DOSAGE_FREQUENCY
DF_EVERY_3HOURS,DF_EVERY_3HOURS,Every 3 hours,10,DOSAGE_FREQUENCY
DF_EVERY_4HOURS,DF_EVERY_4HOURS,Every 4 hours,11,DOSAGE_FREQUENCY
DF_EVERY_6HOURS,DF_EVERY_6HOURS,Every 6 hours,12,DOSAGE_FREQUENCY
DF_EVERY_8HOURS,DF_EVERY_8HOURS,Every 8 hours,13,DOSAGE_FREQUENCY
DF_EVERY_HOUR,DF_EVERY_HOUR,Every hour,8,DOSAGE_FREQUENCY
DIABETES_MELLITUS,DIABETES_MELLITUS,Diabetes Mellitus,4,CAUSE_OF_DEATH
DIARRHEAL_DISEASES,DIARRHEAL_DISEASES,Diarrheal Diseases,4,INFANT_AND_UNDER_FIVE_RELATED_DISEASES
DOCTOR,DOCTOR,Doctor,NULL,PROFESSION_TYPE
DOSAGE_G,DOSAGE_G,g,NULL,DOSAGE_UNIT
DOSAGE_MG,DOSAGE_MG,mg,NULL,DOSAGE_UNIT
DOSAGE_ML,DOSAGE_ML,ml,NULL,DOSAGE_UNIT
DOSAGE_U,DOSAGE_U,u,NULL,DOSAGE_UNIT
DOSAGE_UG,DOSAGE_UG,ug,NULL,DOSAGE_UNIT
DR_A,DR_A,Pregnant,NULL,DROPOUT_REASON
DR_B,DR_B,Desire to Become Pregnant,NULL,DROPOUT_REASON
DR_C,DR_C,Medical Complications,NULL,DROPOUT_REASON
DR_D,DR_D,Fear of Side Effects,NULL,DROPOUT_REASON
DR_E,DR_E,Changed Clinic,NULL,DROPOUT_REASON
DR_F,DR_F,Husband Disapproves,NULL,DROPOUT_REASON
DR_G,DR_G,Menopause / Voluntary Surgical Sterilization,NULL,DROPOUT_REASON
DR_H,DR_H,Lost or Moved Out of Area or Residence,NULL,DROPOUT_REASON
DR_I,DR_I,Failed to Get Supply,NULL,DROPOUT_REASON
DR_J,DR_J,IUD Expelled,NULL,DROPOUT_REASON
DR_K,DR_K,Lack of Supply,NULL,DROPOUT_REASON
DR_L,DR_L,Unknown,NULL,DROPOUT_REASON
ECTOPIC_PREGNANCY,ECTOPIC_PREGNANCY,Ectopic Pregnancy,2,MATERNAL_RELATED_DISEASES
EMAIL,EMAIL,Email,NULL,ELECTRONIC_ADD_PURPOSE
EMERGENCY_CONTACT,EMERGENCY_CONTACT,Emergency Contact,NULL,TELECOM_PURPOSE
EMPHYSEMA,EMPHYSEMA,Emphysema,4,CHRONIC_OBSTRUCTIVE_PULOMARY_DISEASE
EQPMNT_2D_ECHO,EQPMNT_2D_ECHO,2D Echocardiography,1,EQUIPMENT_TYPE
EQPMNT_3D_ECHO,EQPMNT_3D_ECHO,3D Echocardiography,2,EQUIPMENT_TYPE
EQPMNT_4D_ECHO,EQPMNT_4D_ECHO,4D Echocardiography,3,EQUIPMENT_TYPE
EQPMNT_AMBULANCE,EQPMNT_AMBULANCE,Ambulance,4,EQUIPMENT_TYPE
EQPMNT_COBALT60,EQPMNT_COBALT60,Cobalt-60,5,EQUIPMENT_TYPE
EQPMNT_CT_SCANNER,EQPMNT_CT_SCANNER,CT Scanner,6,EQUIPMENT_TYPE
EQPMNT_HBOT,EQPMNT_HBOT,Hyperbaric Oxygen Therapy (HBOT),7,EQUIPMENT_TYPE
EQPMNT_INCUBATOR,EQPMNT_INCUBATOR,Incubator,8,EQUIPMENT_TYPE
EQPMNT_LINEAR_ACCEL,EQPMNT_LINEAR_ACCEL,Linear Accelerator,9,EQUIPMENT_TYPE
EQPMNT_MRI,EQPMNT_MRI,MRI,10,EQUIPMENT_TYPE
EQPMNT_OTHERS,EQPMNT_OTHERS,Others,1000,EQUIPMENT_TYPE
EQPMNT_PACS,EQPMNT_PACS,Picture Archiving and Communications System (PACS),12,EQUIPMENT_TYPE
EQPMNT_PET_SCANNER,EQPMNT_PET_SCANNER,PET Scanner,11,EQUIPMENT_TYPE
EQPMNT_SONOGRAPHY,EQPMNT_SONOGRAPHY,Sonography,13,EQUIPMENT_TYPE
EQPMNT_ULTRASOUND,EQPMNT_ULTRASOUND,Ultrasound Machine,14,EQUIPMENT_TYPE
EQPMNT_XRAY,EQPMNT_XRAY,X-Ray Machine,15,EQUIPMENT_TYPE
FAMILYPLAN_CONSULTATION,FAMILYPLAN,Family Planning,NULL,CONSULTATION_F_TYPE
FATTY_LIVER,FATTY_LIVER,Fatty Liver,3,MATERNAL_RELATED_DISEASES
FORCEPS,FORCEPS,Forceps,2,MATERNAL_DELIVERY_TYPE
FSTR/BTL,FSTR/BTL,FSTR/BTL - Female Sterilization/Bilateral Tubal Ligation,2,FP_METHOD
GC_ALLERGOLOGY,GC_ALLERGOLOGY,Allergology,1,GENERAL_CONSULTATION_TYPE
GC_ANESTHESIA,GC_ANESTHESIA,Anesthesia,2,GENERAL_CONSULTATION_TYPE
GC_BLOOD_BANK,GC_BLOOD_BANK,Blood Bank,3,GENERAL_CONSULTATION_TYPE
GC_CARDIOLOGY,GC_CARDIOLOGY,Cardiology,4,GENERAL_CONSULTATION_TYPE
GC_CARDIO_SURGERY,GC_CARDIO_SURGERY,Cardiothoracic Surgery,5,GENERAL_CONSULTATION_TYPE
GC_DENTAL,GC_DENTAL,Dental,6,GENERAL_CONSULTATION_TYPE
GC_DERMATOLOGY,GC_DERMATOLOGY,Dermatology,7,GENERAL_CONSULTATION_TYPE
GC_ENDOCRINOLOGY,GC_ENDOCRINOLOGY,Endocrinology,8,GENERAL_CONSULTATION_TYPE
GC_ENT,GC_ENT,ENT,9,GENERAL_CONSULTATION_TYPE
GC_FAMILY_MEDICINE,GC_FAMILY_MEDICINE,Family Medicine,10,GENERAL_CONSULTATION_TYPE
GC_FAMILY_PLANNING,GC_FAMILY_PLANNING,Family Planning,11,GENERAL_CONSULTATION_TYPE
GC_GASTROENTEROLOGY,GC_GASTROENTEROLOGY,Gastroenterology,12,GENERAL_CONSULTATION_TYPE
GC_GEN_SURGERY,GC_GEN_SURGERY,General Surgery,13,GENERAL_CONSULTATION_TYPE
GC_GERIATRICS,GC_GERIATRICS,Geriatrics,14,GENERAL_CONSULTATION_TYPE
GC_INF_DISEASE,GC_INF_DISEASE,Infectious Diseases,15,GENERAL_CONSULTATION_TYPE
GC_INT_MEDICINE,GC_INT_MEDICINE,Internal Medicine,16,GENERAL_CONSULTATION_TYPE
GC_LABORATORY,GC_LABORATORY,Laboratory,17,GENERAL_CONSULTATION_TYPE
GC_NEONATOLOGY,GC_NEONATOLOGY,Neonatology,18,GENERAL_CONSULTATION_TYPE
GC_NEPHROLOGY,GC_NEPHROLOGY,Nephrology,19,GENERAL_CONSULTATION_TYPE
GC_NEUROLOGY,GC_NEUROLOGY,Neurology,20,GENERAL_CONSULTATION_TYPE
GC_NEUROSURGERY,GC_NEUROSURGERY,Neurosurgery,21,GENERAL_CONSULTATION_TYPE
GC_NEWBORN,GC_NEWBORN,Newborn Screening,22,GENERAL_CONSULTATION_TYPE
GC_OBS_GYNECOLOGY,GC_OBS_GYNECOLOGY,Obstetrics-Gynecology,23,GENERAL_CONSULTATION_TYPE
GC_ONCOLOGY,GC_ONCOLOGY,Oncology,24,GENERAL_CONSULTATION_TYPE
GC_OPTHALMOLOGY,GC_OPTHALMOLOGY,Opthalmology,25,GENERAL_CONSULTATION_TYPE
GC_OPTHOPEDICS,GC_OPTHOPEDICS,Orthopedics,26,GENERAL_CONSULTATION_TYPE
GC_OTHERS,GC_OTHERS,Others,99,GENERAL_CONSULTATION_TYPE
GC_PEDIA,GC_PEDIA,General Pediatrics,27,PEDIA_CONSULTATION_TYPE
GC_PEDIA_ALLERGOLOGY,GC_PEDIA_ALLERGOLOGY,Pediatric Allergology,28,PEDIA_CONSULTATION_TYPE
GC_PEDIA_CARDIOLOGY,GC_PEDIA_CARDIOLOGY,Pediatric Cardiology,29,PEDIA_CONSULTATION_TYPE
GC_PEDIA_ENDOCRINOLOGY,GC_PEDIA_ENDOCRINOLOGY,Pediatric Endocrinology,30,PEDIA_CONSULTATION_TYPE
GC_PEDIA_GASTROENTEROLOGY,GC_PEDIA_GASTROENTEROLOGY,Pediatric Gastroenterology,31,PEDIA_CONSULTATION_TYPE
GC_PEDIA_HAEMATOLOGY,GC_PEDIA_HAEMATOLOGY,Pediatric Haematology,32,PEDIA_CONSULTATION_TYPE
GC_PEDIA_INF_DISEASE,GC_PEDIA_INF_DISEASE,Pediatric Infectious Diseases,33,PEDIA_CONSULTATION_TYPE
GC_PEDIA_NEPHROLOGY,GC_PEDIA_NEPHROLOGY,Pediatric Nephrology,34,PEDIA_CONSULTATION_TYPE
GC_PEDIA_ONCOLOGY,GC_PEDIA_ONCOLOGY,Pediatric Oncology,35,PEDIA_CONSULTATION_TYPE
GC_PEDIA_SURGERY,GC_PEDIA_SURGERY,Pediatric Surgery,36,PEDIA_CONSULTATION_TYPE
GC_PLASTIC_SURGERY,GC_PLASTIC_SURGERY,Plastic Surgery,37,GENERAL_CONSULTATION_TYPE
GC_PSYCHIATRY,GC_PSYCHIATRY,Psychiatry,38,GENERAL_CONSULTATION_TYPE
GC_PULMUNOLOGY,GC_PULMUNOLOGY,Pulmunology,39,GENERAL_CONSULTATION_TYPE
GC_RADIOLOGY,GC_RADIOLOGY,Radiology,40,GENERAL_CONSULTATION_TYPE
GC_REHAB_MEDICINE,GC_REHAB_MEDICINE,Rehabilitation Medicine,41,GENERAL_CONSULTATION_TYPE
GC_RHEUMATOLOGY,GC_RHEUMATOLOGY,Rheumatology,42,GENERAL_CONSULTATION_TYPE
GC_SURG_ONCOLOGY,GC_SURG_ONCOLOGY,Surgical Oncology,43,GENERAL_CONSULTATION_TYPE
GC_UROLOGY,GC_UROLOGY,Urology,44,GENERAL_CONSULTATION_TYPE
GC_VASCULAR_SURGERY,GC_VASCULAR_SURGERY,Vascular Surgery,45,GENERAL_CONSULTATION_TYPE
GENERAL,GENERAL,General,1,REFERRAL_TYPE
GENERAL_CONSULTATION,GENERAL,General,NULL,CONSULTATION_F_TYPE
GOVERNMENT_LABORATORY,GOVERNMENT_LABORATORY,Government Laboratory,2,FACILITY_TYPE
HEAD_NURSE,HEAD NURSE,Head Nurse,6,AFF_DESIGNATION
HEALTH WORKER,HEALTH WORKER,Health Worker,NULL,PROFESSION_TYPE
HEALTH_CENTER,HEALTH_CENTER,Health Center,4,FACILITY_TYPE
HEART_DISEASE,HEART_DISEASE,Heart Disease,5,CAUSE_OF_DEATH
HEART_DISEASES,HEART_DISEASES,Heart Diseases,5,INFANT_AND_UNDER_FIVE_RELATED_DISEASES
HEART_DISEASES_MATERNAL_RELATED_DISEASES,HEART_DISEASES,Heart Diseases,4,MATERNAL_RELATED_DISEASES
HEMORRHAGE_PPH,HEMORRHAGE_PPH,Hemorrhage/PPH,5,MATERNAL_RELATED_DISEASES
HMOLE,HMOLE,H-Mole (Molar Pregnancy),6,MATERNAL_RELATED_DISEASES
HOME,HOME,Home,NULL,POSTAL_ADD_PURPOSE
HOSPITAL_ADMINISTRATIVE OFFICER,HOSPITAL ADMINISTRATIVE OFFICER,Hospital Administrative Officer,7,AFF_DESIGNATION
HOSPITAL_ADMINISTRATOR,HOSPITAL ADMINISTRATOR,Hospital Administrator,8,AFF_DESIGNATION
HOSPITAL_DIRECTOR,HOSPITAL DIRECTOR,Hospital Director,9,AFF_DESIGNATION
HYDROCEPHALUS,HYDROCEPHALUS,Hydrocephalus,4,NEONATAL_RELATED_DISEASES
IMM_BCG,IMM_BCG,BCG,NULL,IMM_CODE
IMM_DPT1,IMM_DPT1,DPT1,NULL,IMM_CODE
IMM_DPT2,IMM_DPT2,DPT2,NULL,IMM_CODE
IMM_DPT3,IMM_DPT3,DPT3,NULL,IMM_CODE
IMM_Hepa B1,IMM_Hepa B1,Hepa B1,NULL,IMM_CODE
IMM_Hepa B2,IMM_Hepa B2,Hepa B2,NULL,IMM_CODE
IMM_Hepa B3,IMM_Hepa B3,Hepa B3,NULL,IMM_CODE
IMM_Measles,IMM_Measles,Measles,NULL,IMM_CODE
IMM_OPV1,IMM_OPV1,OPV1,NULL,IMM_CODE
IMM_OPV2,IMM_OPV2,OPV2,NULL,IMM_CODE
IMM_OPV3,IMM_OPV3,OPV3,NULL,IMM_CODE
INFANT_AND_UNDER_FIVE_RELATED_DISEASES,INFANT_AND_UNDER_FIVE_RELATED_DISEASES,Infant and Under-Five Related Diseases,6,CAUSE_OF_DEATH
INJ,INJ,INJ - Depo-medroxy Progestone Acetate,3,FP_METHOD
INJURIES,INJURIES,Injuries,7,CAUSE_OF_DEATH
INJURIES_ACCIDENTS,INJURIES_ACCIDENTS,Injuries/Accidents,6,INFANT_AND_UNDER_FIVE_RELATED_DISEASES
INQRY_ACCESS,INQRY_ACCESS,Access to Patient Record,1,INQUIRY_TYPES
INQRY_BED,INQRY_BED,Beds,2,INQUIRY_TYPES
INQRY_DRUGS,INQRY_DRUGS,Drugs,3,INQUIRY_TYPES
INQRY_ELGBLTY,INQRY_ELGBLTY,Eligibility Test,4,INQUIRY_TYPES
INQRY_LAB,INQRY_LAB,Lab Test,5,INQUIRY_TYPES
INQRY_OTHERS,INQRY_OTHERS,Others,99,INQUIRY_TYPES
INQUIRY,INQUIRY,Inquiry,4,REFERRAL_TYPE
IUD,IUD,IUD - Intra-Uterine Device,4,FP_METHOD
KIDNEY_DISEASE,KIDNEY_DISEASE,Kidney Disease,8,CAUSE_OF_DEATH
LANDLINE,LANDLINE,Landline,NULL,TELECOM_PURPOSE
LEUKEMIA,LEUKEMIA,Leukemia,3,CANCER
LEUKEMIA_INFANT_AND_UNDER_FIVE_RELATED_DISEASES,LEUKEMIA,Leukemia,7,INFANT_AND_UNDER_FIVE_RELATED_DISEASES
LTT_ALBUMIN,LTT_ALBUMIN,Albumin,1,LAB_TEST_TYPE
LTT_APTT,LTT_APTT,aPTT,2,LAB_TEST_TYPE
LTT_AST_SGOT,LTT_AST_SGOT,AST/SGOT,3,LAB_TEST_TYPE
LTT_BLEEDING_TIME,LTT_BLEEDING_TIME,Bleeding Time,4,LAB_TEST_TYPE
LTT_BLOOD_SMEAR,LTT_BLOOD_SMEAR,Peripheral Blood Smear,20,LAB_TEST_TYPE
LTT_BUN,LTT_BUN,BUN,5,LAB_TEST_TYPE
LTT_CALCIUM,LTT_CALCIUM,Calcium,6,LAB_TEST_TYPE
LTT_CBC,LTT_CBC,CBC,7,LAB_TEST_TYPE
LTT_CHLOIDE,LTT_CHLOIDE,Chloide,8,LAB_TEST_TYPE
LTT_CREATININE,LTT_CREATININE,Creatinine,9,LAB_TEST_TYPE
LTT_DIRECT_BILIRUBIN,LTT_DIRECT_BILIRUBIN,Direct Bilirubin,10,LAB_TEST_TYPE
LTT_DIRECT_SPUTUM,LTT_DIRECT_SPUTUM,Direct Sputum Smear Microscopy,11,LAB_TEST_TYPE
LTT_FBS,LTT_FBS,FBS,12,LAB_TEST_TYPE
LTT_HBA1C,LTT_HBA1C,HBA1C,13,LAB_TEST_TYPE
LTT_HBSAG,LTT_HBSAG,HBsAg,14,LAB_TEST_TYPE
LTT_INDIRECT_BILIRUBIN,LTT_INDIRECT_BILIRUBIN,Indirect Bilirubin,15,LAB_TEST_TYPE
LTT_LABUMIN,LTT_LABUMIN,Labumin,16,LAB_TEST_TYPE
LTT_LIPID_PROFILE,LTT_LIPID_PROFILE,Lipid Profile,17,LAB_TEST_TYPE
LTT_MALARIA_RAPID,LTT_MALARIA_RAPID,Malaria Rapid Diagnostic Test Schistomiasis Microscopy (Kato-Katz Technique/Syringe Filtration),18,LAB_TEST_TYPE
LTT_MALARIA_SLIDE,LTT_MALARIA_SLIDE,Malaria Slide Microscopy,19,LAB_TEST_TYPE
LTT_OTHERS,LTT_OTHERS,Others,99,LAB_TEST_TYPE
LTT_POTASSIUM,LTT_POTASSIUM,Potassium,21,LAB_TEST_TYPE
LTT_PT,LTT_PT,PT,22,LAB_TEST_TYPE
LTT_SODIUM,LTT_SODIUM,Sodium,23,LAB_TEST_TYPE
LTT_TOTAL_BILIRUBIN,LTT_TOTAL_BILIRUBIN,Total Bilirubin,24,LAB_TEST_TYPE
LTT_URIC_ACID,LTT_URIC_ACID,Uric Acid,25,LAB_TEST_TYPE
LUNG,LUNG,Lung,4,CANCER
MALNUTRITION,MALNUTRITION,Malnutrition,8,INFANT_AND_UNDER_FIVE_RELATED_DISEASES
MATERNAL,MATERNAL,Maternal,2,REFERRAL_TYPE
MATERNAL_CONSULTATION,MATERNAL,Maternal,NULL,CONSULTATION_F_TYPE
MATERNAL_RELATED_DISEASES,MATERNAL_RELATED_DISEASES,Maternal Related Diseases,9,CAUSE_OF_DEATH
MECONIUM_ASPIRATION,MECONIUM_ASPIRATION,Meconium Aspiration,5,NEONATAL_RELATED_DISEASES
MEDICAL_DIRECTOR,MEDICAL DIRECTOR,Medical Director,10,AFF_DESIGNATION
MEDICAL_OFFICER,MEDICAL OFFICER,Medical Officer,11,AFF_DESIGNATION
MEDICAL_REGIONAL_CENTER,MEDICAL_REGIONAL_CENTER,Medical/Regional Center,5,FACILITY_TYPE
MEDICAL_SPECIALIST,MEDICAL SPECIALIST,Medical Specialist,12,AFF_DESIGNATION
MEDICAL_TECHNOLOGIST,MEDICAL TECHNOLOGIST,Medical Technologist,13,AFF_DESIGNATION
MENINGITIS,MENINGITIS,Meningitis,9,INFANT_AND_UNDER_FIVE_RELATED_DISEASES
METHOD_AMBULANCE,METHOD_AMBULANCE,Ambulance,1,METHOD_OF_TRANSPORT
METHOD_OTHERS,METHOD_OTHERS,Others,1000,METHOD_OF_TRANSPORT
MIDWIFE,MIDWIFE,Midwife,NULL,PROFESSION_TYPE
MOBILE,MOBILE,Mobile,NULL,TELECOM_PURPOSE
MOBILE_BANKING,MOBILE_BANKING,Mobile Banking,3,PAYMENT_MODE_TYPE
MO_GIVE_12RIFAMPIN,MO_GIVE_12RIFAMPIN,Given 12 Rifampin + Clofazimine + Dapsone Blister Packs,8,MEDICAL_ORDER_TYPE
MO_GIVE_6RIFAMPIN,MO_GIVE_6RIFAMPIN,Given 6 Rifampin + Dapson Blister Pack for 6 months,7,MEDICAL_ORDER_TYPE
MO_GIVE_ANTIBIOTIC,MO_GIVE_ANTIBIOTIC,Give Antibiotic,2,MEDICAL_ORDER_TYPE
MO_GIVE_MULTIDRG,MO_GIVE_MULTIDRG,Given Multi-Drug Regimen for Filariasis,9,MEDICAL_ORDER_TYPE
MO_GIVE_ORS,MO_GIVE_ORS,Given ORS,5,MEDICAL_ORDER_TYPE
MO_GIVE_ORS_ZNC,MO_GIVE_ORS_ZNC,Given ORS with Zinc,6,MEDICAL_ORDER_TYPE
MO_GIVE_ORT,MO_GIVE_ORT,Given ORT,4,MEDICAL_ORDER_TYPE
MO_LAB_TEST,MO_LAB_TEST,Laboratory Test,1,MEDICAL_ORDER_TYPE
MO_MED_PRESCRIPTION,MO_MED_PRESCRIPTION,Give Medical Prescription,3,MEDICAL_ORDER_TYPE
MO_OTHERS,MO_OTHERS,Others,99,MEDICAL_ORDER_TYPE
MSTR/VASECTOMY,MSTR/VASECTOMY,MSTR/VASECTOMY - Male Sterilization/Vasectomy,5,FP_METHOD
MUNICIPAL_DISTRICT_HOSPITAL,MUNICIPAL_DISTRICT_HOSPITAL,Municipal/District Hospital,6,FACILITY_TYPE
MUNICIPAL_HEALTH_OFFICER,MUNICIPAL HEALTH OFFICER,Municipal Health Officer,15,AFF_DESIGNATION
NA,NA,New Acceptor,2,FP_CLIENT
NATL_GOVT_HEALTHCARE_AGENCY,NATL_GOVT_HEALTHCARE_AGENCY,National Gov't Healthecare Agency,7,FACILITY_TYPE
NEGATIVE,NEGATIVE,Negative,1,BEFORE_TREATMENT
NEONATAL_RELATED_DISEASES,NEONATAL_RELATED_DISEASES,Neonatal Related Diseases,10,CAUSE_OF_DEATH
NFP-BBT,NFP-BBT,NFP-BBT - NFP-Basal Body Temperature,6,FP_METHOD
NFP-CM,NFP-CM,NFP-CM - NFP-Cervical Mucus Method,7,FP_METHOD
NFP-LAM,NFP-LAM,NFP-LAM - Lactational Amenorrhea Method,8,FP_METHOD
NFP-SDM,NFP-SDM,NFP-SDM - NFP-Standard Days Method,9,FP_METHOD
NFP-STM,NFP-STM,NFP-STM - NFP-Sympothermal Method,10,FP_METHOD
NRRTM_IR_FOL_SUP,NRRTM_IR_FOL_SUP,Iron and Folic Acid Supplements,1,NON_REF_REM_TYP_MAT
NRRTM_POST_PARTUM,NRRTM_POST_PARTUM,Post-partum,3,NON_REF_REM_TYP_MAT
NRRTM_PRE_NATAL,NRRTM_PRE_NATAL,Pre-natal,2,NON_REF_REM_TYP_MAT
NRRTP_IMMUN,NRRTP_IMMUN,Immunization,1,NON_REF_REM_TYP_PED
NRRTTB_SP_EXAM,NRRTTB_SP_EXAM,Sputum exam,1,NON_REF_REM_TYP_TB
NRRTTB_TREAT,NRRTTB_TREAT,Treatment,2,NON_REF_REM_TYP_TB
NRRT_MATERNAL,NRRT_MATERNAL,Maternal,1,NON_REF_REM_TYP
NRRT_PEDIA,NRRT_PEDIA,Pedia,2,NON_REF_REM_TYP
NRRT_TB,NRRT_TB,TB,3,NON_REF_REM_TYP
NSD,NSD,NSD,3,MATERNAL_DELIVERY_TYPE
NTP_TB,NTP_TB,NTP TB Register,NULL,TARGET_CLIENT_LIST
NURSE,NURSE,Nurse,NULL,PROFESSION_TYPE
NURSE_SUPERVISOR,NURSE SUPERVISOR,Nurse Supervisor,17,AFF_DESIGNATION
NURSING_AIDE,NURSING AIDE,Nursing Aide,18,AFF_DESIGNATION
NURSING_ATTENDANT,NURSING ATTENDANT,Nursing Attendant,19,AFF_DESIGNATION
NUTRITIONIST_DIETICIAN,NUTRITIONIST DIETICIAN,Nutritionist Dietician,20,AFF_DESIGNATION
OFFICE,OFFICE,Office,NULL,POSTAL_ADD_PURPOSE
OTHERS,OTHERS,Others,15,FACILITY_TYPE
OTHERS_CANCER,OTHERS,Others,7,CANCER
OTHERS_CAUSE_OF_DEATH,OTHERS,Others,14,CAUSE_OF_DEATH
OTHERS_INFANT_AND_UNDER_FIVE_RELATED_DISEASES,OTHERS,Others,14,INFANT_AND_UNDER_FIVE_RELATED_DISEASES
OTHERS_MATERNAL_RELATED_DISEASES,OTHERS,Others,14,MATERNAL_RELATED_DISEASES
OTHERS_NEONATAL_RELATED_DISEASES,OTHERS,Others,11,NEONATAL_RELATED_DISEASES
OVARIAN,OVARIAN,Ovarian,5,CANCER
PARTO_RPD_AB_PAIN,PARTO_RPD_AB_PAIN,Severe Abdominal Pain,7,PARTO_RAPID_ASSESSMENT_RESULTS
PARTO_RPD_COLD_MOIST_SKIN,PARTO_RPD_COLD_MOIST_SKIN,Cold and Moist Skin,3,PARTO_RAPID_ASSESSMENT_RESULTS
PARTO_RPD_CONVULSING,PARTO_RPD_CONVULSING,Convulsing,5,PARTO_RAPID_ASSESSMENT_RESULTS
PARTO_RPD_CYANOSIS,PARTO_RPD_CYANOSIS,Cyanosis,2,PARTO_RAPID_ASSESSMENT_RESULTS
PARTO_RPD_DIFF_BREATHING,PARTO_RAPID_DIFF_BREATHING,Difficulty Breathing,1,PARTO_RAPID_ASSESSMENT_RESULTS
PARTO_RPD_FEVER,PARTO_RPD_FEVER,Fever > 38Â° and very fast breathing/stiff neck/lethargy/weak,8,PARTO_RAPID_ASSESSMENT_RESULTS
PARTO_RPD_UNCONSCIOUS,PARTO_RPD_UNCONSCIOUS,Unconscious,6,PARTO_RAPID_ASSESSMENT_RESULTS
PARTO_RPD_WEAK_FAST_PULSE,PARTO_RPD_WEAK_FAST_PULSE,Weak and Fast Pulse,4,PARTO_RAPID_ASSESSMENT_RESULTS
PEDIA_CONSULTATION,PEDIA,Pediatrics,NULL,CONSULTATION_F_TYPE
PHARMACIST,PHARMACIST,Pharmacist,21,AFF_DESIGNATION
PILLS,PILLS,PILLS - Pills,11,FP_METHOD
PLACENTAL_RETENTION,PLACENTAL_RETENTION,Placental Retention,7,MATERNAL_RELATED_DISEASES
PNEUMONIA,PNEUMONIA,Pneumonia,11,CAUSE_OF_DEATH
PNEUMONIA_INFANT_AND_UNDER_FIVE_RELATED_DISEASES,PNEUMONIA,Pneumonia,10,INFANT_AND_UNDER_FIVE_RELATED_DISEASES
PNEUMONIA_NEONATAL_RELATED_DISEASES,PNEUMONIA,Pneumonia,6,NEONATAL_RELATED_DISEASES
POSITIVE,POSITIVE,Positive,2,BEFORE_TREATMENT
POSTPARTUM_CONSULTATION,POSTPARTUM,Postpartum,NULL,CONSULTATION_F_TYPE
POST_PARTUM_CARDIOMYOPATHY,POST_PARTUM_CARDIOMYOPATHY,Post Partum Cardiomyopathy,8,MATERNAL_RELATED_DISEASES
PREMATURITY,PREMATURITY,Prematurity,11,INFANT_AND_UNDER_FIVE_RELATED_DISEASES
PREMATURITY_NEONATAL_RELATED_DISEASES,PREMATURITY,Prematurity,7,NEONATAL_RELATED_DISEASES
PRGNCY_ATTND_BY_A,A,A - Doctor,NULL,PREGNANCY_ATTENDED_BY_TYPES
PRGNCY_ATTND_BY_B,B,B - Nurse,NULL,PREGNANCY_ATTENDED_BY_TYPES
PRGNCY_ATTND_BY_C,C,C - Midwife,NULL,PREGNANCY_ATTENDED_BY_TYPES
PRGNCY_ATTND_BY_D,D,D - Hilot/TBA,NULL,PREGNANCY_ATTENDED_BY_TYPES
PRGNCY_ATTND_BY_E,E,E - Others,NULL,PREGNANCY_ATTENDED_BY_TYPES
PRIVATE CLINIC,PRIVATE CLINIC,Private Clinic,8,FACILITY_TYPE
PRIVATE_HOSPITAL,PRIVATE_HOSPITAL,Private Hospital,9,FACILITY_TYPE
PRIVATE_LABORATORY,PRIVATE_LABORATORY,Private Laboratory,10,FACILITY_TYPE
PROSTATE,PROSTATE,Prostate,6,CANCER
PROVINCE_CITY_HEALTH_OFFICE,PROVINCE_CITY_HEALTH_OFFICE,Province/City Health Office,11,FACILITY_TYPE
PROVINCIAL_HOSPITAL,PROVINCIAL_HOSPITAL,Provincial Hospital,12,FACILITY_TYPE
PROVINCIAL_SANITATION_INSPECTOR,PROVINCIAL SANITATION INSPECTOR,Provincial Sanitation Inspector,22,AFF_DESIGNATION
PUBLIC_HEALTH_NURSE,PUBLIC HEALTH NURSE,Public Health Nurse,23,AFF_DESIGNATION
PULMONARY_TUBERCULOSIS,PULMONARY_TUBERCULOSIS,Pulmonary Tuberculosis,12,CAUSE_OF_DEATH
RADIOLOGIC_TECHNICIAN,RADIOLOGIC TECHNICIAN,Radiologic Technician,24,AFF_DESIGNATION
RCT_TYPE_DENT,RCT_TYPE_DENT,Dental,NULL,REFERRAL_CASE_TYPE
RCT_TYPE_DERM,RCT_TYPE_DERM,Dermatology,NULL,REFERRAL_CASE_TYPE
RCT_TYPE_ENT,RCT_TYPE_ENT,ENT,NULL,REFERRAL_CASE_TYPE
RCT_TYPE_FP,RCT_TYPE_FP,Family Planning,NULL,REFERRAL_CASE_TYPE
RCT_TYPE_IM,RCT_TYPE_IM,Internal Medicine,NULL,REFERRAL_CASE_TYPE
RCT_TYPE_NBS,RCT_TYPE_NBS,New Born Screening,NULL,REFERRAL_CASE_TYPE
RCT_TYPE_NEU,RCT_TYPE_NEU,Neurology,NULL,REFERRAL_CASE_TYPE
RCT_TYPE_OB,RCT_TYPE_OB,OB-Gyne,NULL,REFERRAL_CASE_TYPE
RCT_TYPE_OPTH,RCT_TYPE_OPTH,Opthalmology,NULL,REFERRAL_CASE_TYPE
RCT_TYPE_OTHERS,RCT_TYPE_OTHERS,Others,NULL,REFERRAL_CASE_TYPE
RCT_TYPE_PED,RCT_TYPE_PED,Pedia,NULL,REFERRAL_CASE_TYPE
RCT_TYPE_PSY,RCT_TYPE_PSY,Psychiatry,NULL,REFERRAL_CASE_TYPE
RCT_TYPE_SUR,RCT_TYPE_SUR,Surgery,NULL,REFERRAL_CASE_TYPE
RECIPIENT_PENDING_APPROVAL,PENDING_APPROVAL,For Approval,7,RECIPIENT_REF_STAT_TYPE
RECIPIENT_REFERRAL_ACCEPTED,REFERRAL_ACCEPTED,Accepted,1,RECIPIENT_REF_STAT_TYPE
RECIPIENT_REFERRAL_CANCEL,REFERRAL_CANCEL,Cancelled,5,RECIPIENT_REF_STAT_TYPE
RECIPIENT_REFERRAL_CLOSED,REFERRAL_CLOSED,Closed,6,RECIPIENT_REF_STAT_TYPE
RECIPIENT_REFERRAL_DECLINED,REFERRAL_DECLINED,Declined,2,RECIPIENT_REF_STAT_TYPE
RECIPIENT_REFERRAL_INBOX_CLOSED,REFERRAL_INBOX_CLOSED,Taken,4,RECIPIENT_REF_STAT_TYPE
RECIPIENT_REFERRAL_SENT,REFERRAL_SENT,New Referral,3,RECIPIENT_REF_STAT_TYPE
REC_INQ_PENDING_APPROVAL,PENDING_APPROVAL,For Approval,4,REC_INQ_REF_STAT_TYPE
REC_INQ_REFERRAL_ACCEPTED,REFERRAL_ACCEPTED,Replied,1,REC_INQ_REF_STAT_TYPE
REC_INQ_REFERRAL_CLOSED,REFERRAL_CLOSED,Closed,3,REC_INQ_REF_STAT_TYPE
REC_INQ_REFERRAL_SENT,REFERRAL_SENT,New Referral,2,REC_INQ_REF_STAT_TYPE
REL_TYPE_FATHER,REL_TYPE_FATHER,Father,NULL,RELATIONSHIP_TYPE
REL_TYPE_MOTHER,REL_TYPE_MOTHER,Mother,NULL,RELATIONSHIP_TYPE
REL_TYPE_SIBLING,REL_TYPE_SIBLING,Sibling,NULL,RELATIONSHIP_TYPE
REL_TYPE_SPOUSE,REL_TYPE_SPOUSE,Spouse,NULL,RELATIONSHIP_TYPE
RESIDENT_PHYSICIAN,RESIDENT PHYSICIAN,Resident Physician,26,AFF_DESIGNATION
RESPIRATORY_DISTRESS_SYNDROME,RESPIRATORY_DISTRESS_SYNDROME,Respiratory Distress Syndrome,12,INFANT_AND_UNDER_FIVE_RELATED_DISEASES
RHEUMATIC_HEART_DISEASE,OTHERS,Rheumatic Heart Disease,9,MATERNAL_RELATED_DISEASES
RISK_CODE_A,A,A - An age less than 18 or greater than 35,NULL,HIGH_RISK_CODE
RISK_CODE_B,B,B - Being less than 145 cm (4'9") tall,NULL,HIGH_RISK_CODE
RISK_CODE_C,C,C - Having fourth (or more) baby (or so called grandmulti),NULL,HIGH_RISK_CODE
RISK_CODE_D,D,D - Having one or more of the following:,NULL,HIGH_RISK_CODE
RISK_CODE_E,E,E - Having one or more of the following medical conditions:,NULL,HIGH_RISK_CODE
RISK_REASON_ASTHMA,RISK_REASON_ASTHMA,Bronchial Asthma,NULL,HIGH_RISK_REASON_CODE_E
RISK_REASON_CAESARIAN,RISK_REASON_CAESARIAN,A Previous Caesarian Section,NULL,HIGH_RISK_REASON_CODE_D
RISK_REASON_DIABETES,RISK_REASON_DIABETES,Diabetes,NULL,HIGH_RISK_REASON_CODE_E
RISK_REASON_GOITER,RISK_REASON_GOITER,Goiter,NULL,HIGH_RISK_REASON_CODE_E
RISK_REASON_HEART_DISEASE,RISK_REASON_HEART_DISEASE,Heart Disease,NULL,HIGH_RISK_REASON_CODE_E
RISK_REASON_HEMORRHAGE,RISK_REASON_HEMORRHAGE,Postpartum Hemorrhage,NULL,HIGH_RISK_REASON_CODE_D
RISK_REASON_MISCARRIAGE,RISK_REASON_MISCARRIAGE,3 Consecutive Miscarriages or Stillborn Baby,NULL,HIGH_RISK_REASON_CODE_D
RISK_REASON_TUBERCULOSIS,RISK_REASON_TUBERCULOSIS,Tuberculosis,NULL,HIGH_RISK_REASON_CODE_E
ROLE_AD_BRNGY_STATION,ROLE_AD_BRNGY_STATION,BARANGAY_HEALTH_STATION ,NULL,ROLE_AD_FAC_TYPES
ROLE_AD_DIS_HOS,ROLE_AD_DIS_HOS,MUNICIPAL_DISTRICT_HOSPITAL,NULL,ROLE_AD_FAC_TYPES
ROLE_AD_DOCTOR,ROLE_AD_DOCTOR,DOCTOR,NULL,ROLE_AD_IND_TYPES
ROLE_AD_GOV_LAB,ROLE_AD_GOV_LAB,GOVERNMENT_LABORATORY ,NULL,ROLE_AD_FAC_TYPES
ROLE_AD_HEALTH_CENTER,ROLE_AD_HEALTH_CENTER,HEALTH_CENTER,NULL,ROLE_AD_FAC_TYPES
ROLE_AD_HEALTH_WORKER,ROLE_AD_HEALTH_WORKER,HEALTH WORKER,NULL,ROLE_AD_IND_TYPES
ROLE_AD_MED_REG,ROLE_AD_MED_REG,MEDICAL_REGIONAL_CENTER,NULL,ROLE_AD_FAC_TYPES
ROLE_AD_MIDWIFE,ROLE_AD_MIDWIFE,MIDWIFE,NULL,ROLE_AD_IND_TYPES
ROLE_AD_NURSE,ROLE_AD_NURSE,NURSE,NULL,ROLE_AD_IND_TYPES
ROLE_AD_OTHERS,ROLE_AD_OTHERS,OTHERS ,NULL,ROLE_AD_FAC_TYPES
ROLE_AD_PRIV_CLINIC,ROLE_AD_PRIV_CLINIC,PRIVATE CLINIC,NULL,ROLE_AD_FAC_TYPES
ROLE_AD_PRIV_HOS,ROLE_AD_PRIV_HOS,PRIVATE_HOSPITAL,NULL,ROLE_AD_FAC_TYPES
ROLE_AD_PRIV_LAB,ROLE_AD_PRIV_LAB,PRIVATE_LABORATORY ,NULL,ROLE_AD_FAC_TYPES
ROLE_AD_PROV_HOS,ROLE_AD_PROV_HOS,PROVINCIAL_HOSPITAL,NULL,ROLE_AD_FAC_TYPES
ROLE_AD_PROV_OFFICE,ROLE_AD_PROV_OFFICE,PROVINCE_CITY_HEALTH_OFFICE ,NULL,ROLE_AD_FAC_TYPES
ROLE_AD_RURAL_UNIT,ROLE_AD_RURAL_UNIT,RURAL_HEALTH_UNIT,NULL,ROLE_AD_FAC_TYPES
ROLE_AD_TBDC,ROLE_AD_TBDC,TB_DIAGNOSTIC_COMMITTEE,NULL,ROLE_AD_FAC_TYPES
ROLE_MA_DOCTOR,ROLE_MA_DOCTOR,DOCTOR,NULL,ROLE_MA_IND_TYPES
ROLE_MA_MIDWIFE,ROLE_MA_MIDWIFE,MIDWIFE,NULL,ROLE_MA_IND_TYPES
ROLE_MA_NURSE,ROLE_MA_NURSE,NURSE,NULL,ROLE_MA_IND_TYPES
ROLE_PH_BRNGY_STATION,ROLE_PH_BRNGY_STATION,BARANGAY_HEALTH_STATION ,NULL,ROLE_PH_FAC_TYPES
ROLE_PH_DIS_HOS,ROLE_PH_DIS_HOS,MUNICIPAL_DISTRICT_HOSPITAL,NULL,ROLE_PH_FAC_TYPES
ROLE_PH_DOCTOR,ROLE_PH_DOCTOR,DOCTOR,NULL,ROLE_PH_IND_TYPES
ROLE_PH_GOV_LAB,ROLE_PH_GOV_LAB,GOVERNMENT_LABORATORY ,NULL,ROLE_PH_FAC_TYPES
ROLE_PH_HEALTH_CENTER,ROLE_PH_HEALTH_CENTER,HEALTH_CENTER,NULL,ROLE_PH_FAC_TYPES
ROLE_PH_MED_REG,ROLE_PH_MED_REG,MEDICAL_REGIONAL_CENTER,NULL,ROLE_PH_FAC_TYPES
ROLE_PH_MIDWIFE,ROLE_PH_MIDWIFE,MIDWIFE,NULL,ROLE_PH_IND_TYPES
ROLE_PH_OTHERS,ROLE_PH_OTHERS,OTHERS ,NULL,ROLE_PH_FAC_TYPES
ROLE_PH_PRIV_CLINIC,ROLE_PH_PRIV_CLINIC,PRIVATE CLINIC,NULL,ROLE_PH_FAC_TYPES
ROLE_PH_PRIV_HOS,ROLE_PH_PRIV_HOS,PRIVATE_HOSPITAL,NULL,ROLE_PH_FAC_TYPES
ROLE_PH_PRIV_LAB,ROLE_PH_PRIV_LAB,PRIVATE_LABORATORY ,NULL,ROLE_PH_FAC_TYPES
ROLE_PH_PROV_HOS,ROLE_PH_PROV_HOS,PROVINCIAL_HOSPITAL,NULL,ROLE_PH_FAC_TYPES
ROLE_PH_PROV_OFFICE,ROLE_PH_PROV_OFFICE,PROVINCE_CITY_HEALTH_OFFICE ,NULL,ROLE_PH_FAC_TYPES
ROLE_PH_RURAL_UNIT,ROLE_PH_RURAL_UNIT,RURAL_HEALTH_UNIT,NULL,ROLE_PH_FAC_TYPES
ROLE_PH_TBDC,ROLE_PH_PRIV_LAB,TB_DIAGNOSTIC_COMMITTEE ,NULL,ROLE_PH_FAC_TYPES
ROLE_PR_DOCTOR,ROLE_PR_DOCTOR,DOCTOR,NULL,ROLE_PR_IND_TYPES
ROLE_PR_HEALTH_WORKER,ROLE_PR_HEALTH_WORKER,HEALTH WORKER,NULL,ROLE_PR_IND_TYPES
ROLE_PR_MIDWIFE,ROLE_PR_MIDWIFE,MIDWIFE,NULL,ROLE_PR_IND_TYPES
ROLE_PR_NURSE,ROLE_PR_NURSE,NURSE,NULL,ROLE_PR_IND_TYPES
RR_TYPE_DIAG,RCT_TYPE_OTHERS,Diagnosis / Treatment,1,REFERRAL_REASON
RR_TYPE_FPU,RCT_TYPE_OTHERS,For Work-Up,2,REFERRAL_REASON
RR_TYPE_MEDLEGAL,RCT_TYPE_OTHERS,Medico-Legal,3,REFERRAL_REASON
RR_TYPE_NDAVAIL,RCT_TYPE_OTHERS,No Doctor Available,5,REFERRAL_REASON
RR_TYPE_OTHERS,RCT_TYPE_OTHERS,Others,99,REFERRAL_REASON
RR_TYPE_PATREQ,RCT_TYPE_OTHERS,Per Patient Request,4,REFERRAL_REASON
RR_TYPE_TRNSFR,RCT_TYPE_OTHERS,Patient Transfer,6,REFERRAL_REASON
RS,RS,Restart,5,FP_CLIENT
RURAL_HEALTH_DENTIST,RURAL HEALTH DENTIST,Rural Health Dentist,26,AFF_DESIGNATION
RURAL_HEALTH_MIDWIFE,RURAL HEALTH MIDWIFE,Rural Health Midwife,27,AFF_DESIGNATION
RURAL_HEALTH_UNIT,RURAL_HEALTH_UNIT,Rural Health Unit,13,FACILITY_TYPE
RURAL_SANITATION_INSPECTOR,RURAL SANITATION INSPECTOR,Rural Sanitation Inspector,28,AFF_DESIGNATION
SENDER_DISAPPROVED,DISAPPROVED,Disapproved,8,SENDER_REF_STAT_TYPE
SENDER_DRAFT_ONLY,DRAFT_ONLY,Draft,4,SENDER_REF_STAT_TYPE
SENDER_PENDING_APPROVAL,PENDING_APPROVAL,For Approval,5,SENDER_REF_STAT_TYPE
SENDER_REFERRAL_ACCEPTED,REFERRAL_ACCEPTED,Accepted,1,SENDER_REF_STAT_TYPE
SENDER_REFERRAL_CANCEL,REFERRAL_CANCEL,Cancelled,6,SENDER_REF_STAT_TYPE
SENDER_REFERRAL_CLOSED,REFERRAL_CLOSED,Closed,7,SENDER_REF_STAT_TYPE
SENDER_REFERRAL_DECLINED,REFERRAL_DECLINED,Declined,2,SENDER_REF_STAT_TYPE
SENDER_REFERRAL_SENT,REFERRAL_SENT,Ongoing,3,SENDER_REF_STAT_TYPE
SEPSIS,SEPSIS,Sepsis,8,NEONATAL_RELATED_DISEASES
SEPTICEMIA,SEPTICEMIA,Septicemia,13,CAUSE_OF_DEATH
SEPTICEMIA_INFANT_AND_UNDER_FIVE_RELATED_DISEASES,SEPTICEMIA,Septicemia,13,INFANT_AND_UNDER_FIVE_RELATED_DISEASES
SEPTICEMIA_MATERNAL_RELATED_DISEASES,SEPTICEMIA,Septicemia,10,MATERNAL_RELATED_DISEASES
SMART_MONEY,SMART_MONEY,Smart Money,4,PAYMENT_MODE_TYPE
SMART_PHONE_BILL,SMART_PHONE_BILL,Smart Phone Bill,5,PAYMENT_MODE_TYPE
SPCL_ALRGY,SPCL_ALRGY,Allergology,1,SPECIALTY_TYPE
SPCL_ANSTHA,SPCL_ANSTHA,Anesthesia,2,SPECIALTY_TYPE
SPCL_BB,SPCL_BB,Blood Bank,3,SPECIALTY_TYPE
SPCL_CARD,SPCL_CARD,Cardiology,4,SPECIALTY_TYPE
SPCL_CRD_SRG,SPCL_CRD_SRG,Cardiothoracic Surgery,5,SPECIALTY_TYPE
SPCL_DENT,SPCL_DENT,Dental,6,SPECIALTY_TYPE
SPCL_DERM,SPCL_DERM,Dermatology,7,SPECIALTY_TYPE
SPCL_DOTS,SPCL_DOTS,DOTS Center,8,SPECIALTY_TYPE
SPCL_ENDO,SPCL_ENDO,Endocrinology,8,SPECIALTY_TYPE
SPCL_ENT,SPCL_ENT,ENT,9,SPECIALTY_TYPE
SPCL_ER,SPCL_ER,Emergency Room (ER),11,SPECIALTY_TYPE
SPCL_FM_MED,SPCL_FM_MED,Family Medicine,10,SPECIALTY_TYPE
SPCL_FM_PLNG,SPCL_FM_PLNG, Family Planning,11,SPECIALTY_TYPE
SPCL_GEN_SRGY,SPCL_GEN_SRGY,General Surgery,13,SPECIALTY_TYPE
SPCL_GRTRCS,SPCL_GRTRCS,Geriatrics,14,SPECIALTY_TYPE
SPCL_GSTRO,SPCL_GSTRO,Gastroenterology,12,SPECIALTY_TYPE
SPCL_INF_DIS,SPCL_INF_DIS,Infectious Diseases,15,SPECIALTY_TYPE
SPCL_INT_MED,SPCL_INT_MED,Internal Medicine,16,SPECIALTY_TYPE
SPCL_LAB,SPCL_LAB,Laboratory,17,SPECIALTY_TYPE
SPCL_MICRO_LAB,SPCL_MICRO_LAB,Microscopy Laboratory,20,SPECIALTY_TYPE
SPCL_NB_SCR,SPCL_NB_SCR,Newborn Screening,22,SPECIALTY_TYPE
SPCL_NEPH,SPCL_NEPH,Nephrology,19,SPECIALTY_TYPE
SPCL_NEUR,SPCL_NEUR,Neurology,20,SPECIALTY_TYPE
SPCL_NEUR_SRGY,SPCL_NEUR_SRGY,Neurosurgery,21,SPECIALTY_TYPE
SPCL_NNAT,SPCL_NNAT,Neonatology,18,SPECIALTY_TYPE
SPCL_OBS_GYN,SPCL_OBS_GYN,Obstetrics-Gynecology,23,SPECIALTY_TYPE
SPCL_ONC,SPCL_ONC,Oncology,24,SPECIALTY_TYPE
SPCL_OPD,SPCL_OPD,Outpatient Department (OPD),30,SPECIALTY_TYPE
SPCL_OPT,SPCL_OPT,Opthalmology,25,SPECIALTY_TYPE
SPCL_ORTHO,SPCL_ORTHO,Orthopedics,26,SPECIALTY_TYPE
SPCL_OTHERS,SPCL_OTHERS,Others,1000,SPECIALTY_TYPE
SPCL_PD_ALRGY,SPCL_PD_ALRGY,Pediatric Allergology,28,SPECIALTY_TYPE
SPCL_PD_CRDIO,SPCL_PD_CRDIO,Pediatric Cardiology,29,SPECIALTY_TYPE
SPCL_PD_ENDO,SPCL_PD_ENDO,Pediatric Endocrinology,30,SPECIALTY_TYPE
SPCL_PD_GASTRO,SPCL_PD_GASTRO,Pediatric Gastroenterology,31,SPECIALTY_TYPE
SPCL_PD_HAEMA,SPCL_PD_HAEMA,Pediatric Haematology,32,SPECIALTY_TYPE
SPCL_PD_INF_DIS,SPCL_PD_INF_DIS,Pediatric Infectious Diseases,33,SPECIALTY_TYPE
SPCL_PD_NEPH,SPCL_PD_NEPH,Pediatric Nephrology,34,SPECIALTY_TYPE
SPCL_PD_ONC,SPCL_PD_ONC,Pediatric Oncology,35,SPECIALTY_TYPE
SPCL_PD_SRGY,SPCL_PD_SRGY,Pediatric Surgery,36,SPECIALTY_TYPE
SPCL_PEDIA,SPCL_PEDIA,Pediatrics,27,SPECIALTY_TYPE
SPCL_PLAS_SRGY,SPCL_PLAS_SRGY,Plastic Surgery,37,SPECIALTY_TYPE
SPCL_PSYCH,SPCL_PSYCH,Psychiatry,38,SPECIALTY_TYPE
SPCL_PULMO,SPCL_PULMO,Pulmunology,39,SPECIALTY_TYPE
SPCL_RADIO,SPCL_RADIO,Radiology,40,SPECIALTY_TYPE
SPCL_REHAB_MED,SPCL_REHAB_MED,Rehabilitation Medicine,41,SPECIALTY_TYPE
SPCL_RHEUMA,SPCL_RHEUMA,Rheumatology,42,SPECIALTY_TYPE
SPCL_SRGY_ONC,SPCL_SRGY_ONC,Surgical Oncology,43,SPECIALTY_TYPE
SPCL_URO,SPCL_URO,Urology,44,SPECIALTY_TYPE
SPCL_VASC_SRGY,SPCL_VASC_SRGY,Vascular Surgery,45,SPECIALTY_TYPE
SRVC_ACUTE_STROKE,SRVC_ACUTE_STROKE,Acute Stroke Unit,1,SERVICES_TYPE
SRVC_AESTHETIC,SRVC_AESTHETIC,Aesthetic Center,2,SERVICES_TYPE
SRVC_AMB_SRGRY,SRVC_AMB_SRGRY,Ambulatory Surgery,3,SERVICES_TYPE
SRVC_BLD_BANK,SRVC_BLD_BANK,Blood Bank,4,SERVICES_TYPE
SRVC_BLD_TRANS,SRVC_BLD_TRANS,Blood Transfusion Services,5,SERVICES_TYPE
SRVC_BURN_UNIT,SRVC_BURN_UNIT,Burn Unit,6,SERVICES_TYPE
SRVC_CARDIAC_CATH,SRVC_CARDIAC_CATH,Cardiac Catheterization,8,SERVICES_TYPE
SRVC_CARDIAC_REHAB,SRVC_CARDIAC_REHAB,Cardiac Rehabilitation,9,SERVICES_TYPE
SRVC_CARDIO_SRGRY,SRVC_CARDIO_SRGRY,Cardiovascular Surgery,10,SERVICES_TYPE
SRVC_CARDIO_STRESS,SRVC_CARDIO_STRESS,Cardiovascular Unit with Stress Test,11,SERVICES_TYPE
SRVC_CCUS,SRVC_CCUS,Critical Care Unit Services,19,SERVICES_TYPE
SRVC_CHEMO,SRVC_CHEMO,Chemotherapy Unit,13,SERVICES_TYPE
SRVC_CLINIC_CHEMO,SRVC_CLINIC_CHEM,Clinical Chemistry,14,SERVICES_TYPE
SRVC_CLINIC_ELECTRO,SRVC_CLINIC_ELECTRO,Clinical Electrophysiology,15,SERVICES_TYPE
SRVC_CLINIC_MICRO,SRVC_CLINIC_MICRO,Clinical Microscopy,16,SERVICES_TYPE
SRVC_CLINIC_SS,SRVC_CLINIC_SS,Clinical Specialty Services,17,SERVICES_TYPE
SRVC_CNCR_UNIT,SRVC_CNCR_UNIT,Cancer Unit,7,SERVICES_TYPE
SRVC_COBALT_CTSB,SRVC_COBALT_CTSB,Cobalt / CT Scan Building,18,SERVICES_TYPE
SRVC_CTAM,SRVC_CTAM,Center for Traditional and Alternative Medicine,12,SERVICES_TYPE
SRVC_DENTAL,SRVC_DENTAL,Dental Clinic,20,SERVICES_TYPE
SRVC_DIABETIC,SRVC_DIABETIC,Diabetic Clinic,21,SERVICES_TYPE
SRVC_DIAG_IMGNG,SRVC_DIAG_IMGNG,Diagnostic Imaging,22,SERVICES_TYPE
SRVC_DIALYSIS,SRVC_DIALYSIS,Dialysis Center,23,SERVICES_TYPE
SRVC_DIETRY_CS,SRVC_DIETRY_CS,Dietary Counseling Services,24,SERVICES_TYPE
SRVC_DIGST_ENDO,SRVC_DIGST_ENDO,Digestive Endoscopy,25,SERVICES_TYPE
SRVC_DOT_TBC,SRVC_DOT_TBC,DOT T.B. Center,26,SERVICES_TYPE
SRVC_DRUG_TEST,SRVC_DRUG_TEST,Drug Testing Center,27,SERVICES_TYPE
SRVC_ER_TR,SRVC_ER_TR,Emergency Room / Trauma Room,28,SERVICES_TYPE
SRVC_EXEC_CHECKUP,SRVC_EXEC_CHECKUP,Executive Check-Up Packages,29,SERVICES_TYPE
SRVC_EYE_CTR,SRVC_EYE_CTR,Eye Center,30,SERVICES_TYPE
SRVC_H1N1,SRVC_H1N1,H1N1 Screening,31,SERVICES_TYPE
SRVC_HEMATOLOGY,SRVC_HEMATOLOGY,Hematology,32,SERVICES_TYPE
SRVC_HEMODIALYSIS,SRVC_HEMODIALYSIS,Hemodialysis,33,SERVICES_TYPE
SRVC_HISTOPATH,SRVC_HISTOPATH,Histopathology,34,SERVICES_TYPE
SRVC_HIV_LAB,SRVC_HIV_LAB,HIV Testing Laboratory,35,SERVICES_TYPE
SRVC_IMM_SEROLOGY,SRVC_IMM_SEROLOGY,Immunology & Serology,36,SERVICES_TYPE
SRVC_INTEG_LAB,SRVC_INTEG_LAB,Integrated Laboratory,38,SERVICES_TYPE
SRVC_INV_CARDIO,SRVC_INV_CARDIO,Invasive Cardiology,39,SERVICES_TYPE
SRVC_KIDNEY_CU,SRVC_KIDNEY_CU,Kidney Care Unit,40,SERVICES_TYPE
SRVC_LAB_DIAGNOSTIC,SRVC_LAB_DIAGNOSTIC,Laboratory and Diagnostic Services,41,SERVICES_TYPE
SRVC_LITHOTRIPSY,SRVC_LITHOTRIPSY,Lithotripsy,42,SERVICES_TYPE
SRVC_LY_IN_BIRTH,SRVC_LY_IN_BIRTH,Lying-In Birthing Center,43,SERVICES_TYPE
SRVC_MAIN_OR,SRVC_MAIN_OR,Main Operating Room,44,SERVICES_TYPE
SRVC_MED_ICU,SRVC_MED_ICU,Medical Intensive Care Unit,46,SERVICES_TYPE
SRVC_MICROBIOLOGY,SRVC_MICROBIOLOGY,Microbiology,47,SERVICES_TYPE
SRVC_MICRO_LAB,SRVC_MICRO_LAB,Microscopy Laboratory,48,SERVICES_TYPE
SRVC_MPBS,SRVC_MPBS,Main Pharmacy and Botica Satellite,45,SERVICES_TYPE
SRVC_NEO_ICU,SRVC_NEO_ICU,Neonatal Intensive Care Unit,49,SERVICES_TYPE
SRVC_NEPH_ADULT,SRVC_NEPH_ADULT,Nephrology - Adult,50,SERVICES_TYPE
SRVC_NEPH_PEDIA,SRVC_NEPH_PEDIA,Nephrology - Pediatric,51,SERVICES_TYPE
SRVC_NEURO,SRVC_NEURO,Neurology,52,SERVICES_TYPE
SRVC_NEURO_LAB,SRVC_NEURO_LAB,Neurovascular Laboratory,54,SERVICES_TYPE
SRVC_NEURO_SDL,SRVC_NEURO_SDL,Neurophysiology and Sleep Disorders Laboratory,53,SERVICES_TYPE
SRVC_NEWBORN_SCRN,SRVC_NEWBORN_SCRN,Newborn Screening Center,55,SERVICES_TYPE
SRVC_NI_DIAG_CARDIO,SRVC_NI_DIAG_CARDIO,Non-Invasive Diagnostic Cardiology,56,SERVICES_TYPE
SRVC_OB_GYNE_ER,SRVC_OB_GYNE_ER,OB Gyne E.R./OPD,57,SERVICES_TYPE
SRVC_OPD_ONCO_CTR,SRVC_OPD_ONCO_CTR,OPD Oncology Center,58,SERVICES_TYPE
SRVC_ORGAN_TU,SRVC_ORGAN_TU,Organ Transplant Unit,59,SERVICES_TYPE
SRVC_OTHERS,SRVC_OTHERS,Others,1000,SERVICES_TYPE
SRVC_OUT_PTNT_DEPT,SRVC_OUT_PTNT_DEPT,Out Patient Department,60,SERVICES_TYPE
SRVC_PAIN_CLNC,SRVC_PAIN_CLNC,Pain Clinic,61,SERVICES_TYPE
SRVC_PERI_DU,SRVC_PERI_DU,Peritoneal Dialysis Unit,62,SERVICES_TYPE
SRVC_PHARMA,SRVC_PHARMA,Pharmacy,63,SERVICES_TYPE
SRVC_PHIC_SW,SRVC_PHIC_SW,In-patient Services-Pay, Medicare (PHIC) and Service Wards,37,SERVICES_TYPE
SRVC_PHY_MED_REHAB,SRVC_PHY_MED_REHAB,Physical Medicine and Rehabilitation,64,SERVICES_TYPE
SRVC_POLYSOM,SRVC_POLYSOM,Polysomnography (Sleep Study),65,SERVICES_TYPE
SRVC_PRE_EMPLYMNT,SRVC_PRE_EMPLYMNT,Pre-Employment Evaluation,66,SERVICES_TYPE
SRVC_PSYCH_BHAVE,SRVC_PSYCH_BHAVE,Psychiatry and Behavior Medicine,68,SERVICES_TYPE
SRVC_PSYCH_COUNSEL,SRVC_PSYCH_COUNSEL,Psychological and Counseling Services,69,SERVICES_TYPE
SRVC_PSYCH_WARD,SRVC_PSYCH_WARD,Psychiatric Ward and Psychiatric Testing Center,67,SERVICES_TYPE
SRVC_PUB_ASSIST,SRVC_PUB_ASSIST,Public Assistance,70,SERVICES_TYPE
SRVC_PULMO_MED,SRVC_PULMO_MED,Pulmonary Medicine,71,SERVICES_TYPE
SRVC_PULMO_REHAB,SRVC_PULMO_REHAB,Pulmonary Rehabilitation,72,SERVICES_TYPE
SRVC_PULMO_UNIT,SRVC_PULMO_UNIT,Pulmonary Unit,73,SERVICES_TYPE
SRVC_RADIO_NUC_MED,SRVC_RADIO_NUC_MED,Radiology and Nuclear Medicine,74,SERVICES_TYPE
SRVC_REPRO_TI,SRVC_REPRO_TI,Reproductive Tract Infection Clinic,77,SERVICES_TYPE
SRVC_RMPOT,SRVC_RMPOT,Rehabilitation Medicine for Physical and Occupational Therapy,76,SERVICES_TYPE
SRVC_RR,SRVC_RR,Recovery Room (Post Anesthesia Care Unit),75,SERVICES_TYPE
SRVC_SRGY_ICU,SRVC_SRGY_ICU,Surgical Intensive Care Unit,79,SERVICES_TYPE
SRVC_STEM_CELL,SRVC_STEM_CELL,Stem Cell Therapy,78,SERVICES_TYPE
SRVC_THOR_SRGY_ANSTHSIA,SRVC_THOR_SRGY_ANSTHSIA,Thoracic Surgery Anesthesia,80,SERVICES_TYPE
SRVC_ULTRASOUND,SRVC_ULTRASOUND,Ultrasound Room,81,SERVICES_TYPE
SRVC_UROLOGY,SRVC_UROLOGY,Urology,82,SERVICES_TYPE
SRVC_VASCULAR,SRVC_VASCULAR,Vascular Center,83,SERVICES_TYPE
SRVC_VASCULAR_SRGRY,SRVC_VASCULAR_SRGRY,Vascular Surgery,84,SERVICES_TYPE
SRVC_VET_IPOP,SRVC_VET_IPOP,Veterans In-patient & Out-patient Clinical Services,85,SERVICES_TYPE
SRVC_VID_THOR_SRGRY,SRVC_VID_THOR_SRGRY,Video-assisted Thoracic Surgery,86,SERVICES_TYPE
SRVC_WATER_TP,SRVC_WATER_TP,Water Treatment Plant,87,SERVICES_TYPE
SRVC_WELLNESS,SRVC_WELLNESS,Wellness Center,88,SERVICES_TYPE
SRVC_WOMEN_CHILD,SRVC_WOMEN_CHILD,Women and Child Protection Unit,89,SERVICES_TYPE
SRVC_XRAY,SRVC_XRAY,X-ray Unit,90,SERVICES_TYPE
STAFF_NURSE,STAFF NURSE,Staff Nurse,29,AFF_DESIGNATION
SUDDEN_INFANT_DEATH_SYNDROME,SUDDEN_INFANT_DEATH_SYNDROME,Sudden Infant Death Syndrome,9,NEONATAL_RELATED_DISEASES
TATANUS,TATANUS,Tetanus,10,NEONATAL_RELATED_DISEASES
TB,TB,TB,3,REFERRAL_TYPE
TBO_COMPLETED,TBO_COMPLETED,Treatment Completed,2,TB_OUTCOME
TBO_CURED,TBO_CURED,Cured,1,TB_OUTCOME
TBO_DEFAULT,TBO_DEFAULT,Default,5,TB_OUTCOME
TBO_DIED,TBO_DIED,Died,3,TB_OUTCOME
TBO_FAILURE,TBO_FAILURE,Treatment Failure,4,TB_OUTCOME
TBO_OUT,TBO_OUT,Transferred Out,6,TB_OUTCOME
TB_1_FDCA,TB_1_FDCA,FDC A,1,TB_COURSE
TB_2_FDCB,TB_2_FDCB,FDC B,2,TB_COURSE
TB_3_H,TB_3_H,H,3,TB_COURSE
TB_4_R,TB_4_R,R,4,TB_COURSE
TB_5_Z,TB_5_Z,Z,5,TB_COURSE
TB_6_E,TB_6_E,E,6,TB_COURSE
TB_7_S,TB_7_S,S,7,TB_COURSE
TB_BHW,TB_BHW,BHW,1,TB_PARTNER
TB_BOTH,TB_BOTH,Both,NULL,TB_CLASS
TB_CAT1,TB_CAT1,Category I (2HRZE / 4HR),NULL,TB_CAT
TB_CAT2,TB_CAT2,Category II (2HRZES / 1 HRZE / 5 HRE),NULL,TB_CAT
TB_CAT3,TB_CAT3,Category III (2HRZE / 4 HR),NULL,TB_CAT
TB_CONSULTATION,TB,Tuberculosis,NULL,CONSULTATION_F_TYPE
TB_DIAGNOSTIC_COMMITTEE,TB_DIAGNOSTIC_COMMITTEE,TB Diagnostic Committee,14,FACILITY_TYPE
TB_EX_PULMONARY,TB_EX_PULMONARY,Extra Pulmonary,NULL,TB_CLASS
TB_EX_PULMONARY_MC,TB_EX_PULMONARY,Extra Pulmonary,45,TB_CONSULTATION_TYPE
TB_FAILURE,TB_FAILURE,Treatment Failure,5,TB_TYPE
TB_FM,TB_FM,FM,2,TB_PARTNER
TB_NEW,TB_NEW,New,1,TB_TYPE
TB_OTHERS,TB_OTHERS,Others,5,TB_PARTNER
TB_PHN,TB_PHN,PHN,3,TB_PARTNER
TB_PULMONARY,TB_PULMONARY,Pulmonary,NULL,TB_CLASS
TB_PULMONARY_MC,TB_PULMONARY,Pulmonary,45,TB_CONSULTATION_TYPE
TB_RAD,TB_RAD,RAD,2,TB_TYPE
TB_RELAPSE,TB_RELAPSE,Relapse,3,TB_TYPE
TB_RHM,TB_RHM,RHM,4,TB_PARTNER
TB_TRANSFER,TB_TRANSFER,Transfer-in,4,TB_TYPE
TB_T_OTHER,TB_T_OTHER,Other,6,TB_TYPE
TCL_FP,TCL_FP,TCL for Family Planning,NULL,TARGET_CLIENT_LIST
TCL_PC,TCL_PC,TCL for Prenatal Care,NULL,TARGET_CLIENT_LIST
TCL_PPC,TCL_PPC,TCL for Post-Partum Care,NULL,TARGET_CLIENT_LIST
TCL_SC,TCL_SC,TCL for Sick Children,NULL,TARGET_CLIENT_LIST
TCL_YOC,TCL_YOC,TCL of Under 1 Year Old Children,NULL,TARGET_CLIENT_LIST
TETANUS,TETANUS,Tetanus,10,NEONATAL_RELATED_DISEASES
TOXEMIA,TOXEMIA,Toxemia,11,MATERNAL_RELATED_DISEASES
TS_NONE,TS_NONE,None,NULL,TETANUS_STATUS
TS_TT1,TS_TT1,TT1,NULL,TETANUS_STATUS
TS_TT1_TT2,TS_TT1_TT2,TT1 and TT2,NULL,TETANUS_STATUS
TS_TT3,TS_TT3,TT3,NULL,TETANUS_STATUS
TS_TT4,TS_TT4,TT4,NULL,TETANUS_STATUS
TS_TT5,TS_TT5,TT5,NULL,TETANUS_STATUS
TS_TTL,TS_TTL,TTL,NULL,TETANUS_STATUS
TS_UNKNOWN,TS_UNKNOWN,Unknown,NULL,TETANUS_STATUS
UTERINE_ATONY,UTERINE_ATONY,Uterine Atony,12,MATERNAL_RELATED_DISEASES
UTERINE_PROLAPSE,UTERINE_PROLAPSE,Uterine Prolapse,13,MATERNAL_RELATED_DISEASES
VACUUM,VACUUM,Vacuum,4,MATERNAL_DELIVERY_TYPE
WEBSITE,WEBSITE,Website,NULL,ELECTRONIC_ADD_PURPOSE
