regcode,provcode,citycode,cityname,nscb_city_code,nscb_city_name,addedby,UserLevelID,dateupdated,status
01,0128,012801,ADAMS,NULL,NULL,NULL,NULL,NULL,NULL
01,0128,012802,BACARRA,NULL,NULL,NULL,NULL,NULL,NULL
01,0128,012803,BADOC,NULL,NULL,NULL,NULL,NULL,NULL
01,0128,012804,BANGUI,NULL,NULL,NULL,NULL,NULL,NULL
01,0128,012805,BATAC,NULL,NULL,NULL,NULL,NULL,NULL
01,0128,012806,BURGOS,NULL,NULL,NULL,NULL,NULL,NULL
01,0128,012807,CARASI,NULL,NULL,NULL,NULL,NULL,NULL
01,0128,012808,CURRIMAO,NULL,NULL,NULL,NULL,NULL,NULL
01,0128,012809,DINGRAS,NULL,NULL,NULL,NULL,NULL,NULL
01,0128,012810,DUMALNEG,NULL,NULL,NULL,NULL,NULL,NULL
01,0128,012811,BANNA (ESPIRITU),NULL,NULL,NULL,NULL,NULL,NULL
01,0128,012812,LAOAG CITY (Capital),NULL,NULL,NULL,NULL,NULL,NULL
01,0128,012813,MARCOS,NULL,NULL,NULL,NULL,NULL,NULL
01,0128,012814,NUEVA ERA,NULL,NULL,NULL,NULL,NULL,NULL
01,0128,012815,PAGUDPUD,NULL,NULL,NULL,NULL,NULL,NULL
01,0128,012816,PAOAY,NULL,NULL,NULL,NULL,NULL,NULL
01,0128,012817,PASUQUIN,NULL,NULL,NULL,NULL,NULL,NULL
01,0128,012818,PIDDIG,NULL,NULL,NULL,NULL,NULL,NULL
01,0128,012819,PINILI,NULL,NULL,NULL,NULL,NULL,NULL
01,0128,012820,SAN NICOLAS,NULL,NULL,NULL,NULL,NULL,NULL
01,0128,012821,SARRAT,NULL,NULL,NULL,NULL,NULL,NULL
01,0128,012822,SOLSONA,NULL,NULL,NULL,NULL,NULL,NULL
01,0128,012823,VINTAR,NULL,NULL,NULL,NULL,NULL,NULL
01,0129,012901,ALILEM,NULL,NULL,NULL,NULL,NULL,NULL
01,0129,012902,BANAYOYO,NULL,NULL,NULL,NULL,NULL,NULL
01,0129,012903,BANTAY,NULL,NULL,NULL,NULL,NULL,NULL
01,0129,012904,BURGOS,NULL,NULL,NULL,NULL,NULL,NULL
01,0129,012905,CABUGAO,NULL,NULL,NULL,NULL,NULL,NULL
01,0129,012906,CITY OF CANDON,NULL,NULL,NULL,NULL,NULL,NULL
01,0129,012907,CAOAYAN,NULL,NULL,NULL,NULL,NULL,NULL
01,0129,012908,CERVANTES,NULL,NULL,NULL,NULL,NULL,NULL
01,0129,012909,GALIMUYOD,NULL,NULL,NULL,NULL,NULL,NULL
01,0129,012910,GREGORIO DEL PILAR (CONCEPCION),NULL,NULL,NULL,NULL,NULL,NULL
01,0129,012911,LIDLIDDA,NULL,NULL,NULL,NULL,NULL,NULL
01,0129,012912,MAGSINGAL,NULL,NULL,NULL,NULL,NULL,NULL
01,0129,012913,NAGBUKEL,NULL,NULL,NULL,NULL,NULL,NULL
01,0129,012914,NARVACAN,NULL,NULL,NULL,NULL,NULL,NULL
01,0129,012915,QUIRINO (ANGKAKI),NULL,NULL,NULL,NULL,NULL,NULL
01,0129,012916,SALCEDO (BAUGEN),NULL,NULL,NULL,NULL,NULL,NULL
01,0129,012917,SAN EMILIO,NULL,NULL,NULL,NULL,NULL,NULL
01,0129,012918,SAN ESTEBAN,NULL,NULL,NULL,NULL,NULL,NULL
01,0129,012919,SAN ILDEFONSO,NULL,NULL,NULL,NULL,NULL,NULL
01,0129,012920,SAN JUAN (LAPOG),NULL,NULL,NULL,NULL,NULL,NULL
01,0129,012921,SAN VICENTE,NULL,NULL,NULL,NULL,NULL,NULL
01,0129,012922,SANTA,NULL,NULL,NULL,NULL,NULL,NULL
01,0129,012923,SANTA CATALINA,NULL,NULL,NULL,NULL,NULL,NULL
01,0129,012924,SANTA CRUZ,NULL,NULL,NULL,NULL,NULL,NULL
01,0129,012925,SANTA LUCIA,NULL,NULL,NULL,NULL,NULL,NULL
01,0129,012926,SANTA MARIA,NULL,NULL,NULL,NULL,NULL,NULL
01,0129,012927,SANTIAGO,NULL,NULL,NULL,NULL,NULL,NULL
01,0129,012928,SANTO DOMINGO,NULL,NULL,NULL,NULL,NULL,NULL
01,0129,012929,SIGAY,NULL,NULL,NULL,NULL,NULL,NULL
01,0129,012930,SINAIT,NULL,NULL,NULL,NULL,NULL,NULL
01,0129,012931,SUGPON,NULL,NULL,NULL,NULL,NULL,NULL
01,0129,012932,SUYO,NULL,NULL,NULL,NULL,NULL,NULL
01,0129,012933,TAGUDIN,NULL,NULL,NULL,NULL,NULL,NULL
01,0129,012934,CITY OF VIGAN (Capital),NULL,NULL,NULL,NULL,NULL,NULL
01,0133,013301,AGOO,NULL,NULL,NULL,NULL,NULL,NULL
01,0133,013302,ARINGAY,NULL,NULL,NULL,NULL,NULL,NULL
01,0133,013303,BACNOTAN,NULL,NULL,NULL,NULL,NULL,NULL
01,0133,013304,BAGULIN,NULL,NULL,NULL,NULL,NULL,NULL
01,0133,013305,BALAOAN,NULL,NULL,NULL,NULL,NULL,NULL
01,0133,013306,BANGAR,NULL,NULL,NULL,NULL,NULL,NULL
01,0133,013307,BAUANG,NULL,NULL,NULL,NULL,NULL,NULL
01,0133,013308,BURGOS,NULL,NULL,NULL,NULL,NULL,NULL
01,0133,013309,CABA,NULL,NULL,NULL,NULL,NULL,NULL
01,0133,013310,LUNA,NULL,NULL,NULL,NULL,NULL,NULL
01,0133,013311,NAGUILIAN,NULL,NULL,NULL,NULL,NULL,NULL
01,0133,013312,PUGO,NULL,NULL,NULL,NULL,NULL,NULL
01,0133,013313,ROSARIO,NULL,NULL,NULL,NULL,NULL,NULL
01,0133,013314,CITY OF SAN FERNANDO (Capital),NULL,NULL,NULL,NULL,NULL,NULL
01,0133,013315,SAN GABRIEL,NULL,NULL,NULL,NULL,NULL,NULL
01,0133,013316,SAN JUAN,NULL,NULL,NULL,NULL,NULL,NULL
01,0133,013317,SANTO TOMAS,NULL,NULL,NULL,NULL,NULL,NULL
01,0133,013318,SANTOL,NULL,NULL,NULL,NULL,NULL,NULL
01,0133,013319,SUDIPEN,NULL,NULL,NULL,NULL,NULL,NULL
01,0133,013320,TUBAO,NULL,NULL,NULL,NULL,NULL,NULL
01,0155,015501,AGNO,NULL,NULL,NULL,NULL,NULL,NULL
01,0155,015502,AGUILAR,NULL,NULL,NULL,NULL,NULL,NULL
01,0155,015503,CITY OF ALAMINOS,NULL,NULL,NULL,NULL,NULL,NULL
01,0155,015504,ALCALA,NULL,NULL,NULL,NULL,NULL,NULL
01,0155,015505,ANDA,NULL,NULL,NULL,NULL,NULL,NULL
01,0155,015506,ASINGAN,NULL,NULL,NULL,NULL,NULL,NULL
01,0155,015507,BALUNGAO,NULL,NULL,NULL,NULL,NULL,NULL
01,0155,015508,BANI,NULL,NULL,NULL,NULL,NULL,NULL
01,0155,015509,BASISTA,NULL,NULL,NULL,NULL,NULL,NULL
01,0155,015510,BAUTISTA,NULL,NULL,NULL,NULL,NULL,NULL
01,0155,015511,BAYAMBANG,NULL,NULL,NULL,NULL,NULL,NULL
01,0155,015512,BINALONAN,NULL,NULL,NULL,NULL,NULL,NULL
01,0155,015513,BINMALEY,NULL,NULL,NULL,NULL,NULL,NULL
01,0155,015514,BOLINAO,NULL,NULL,NULL,NULL,NULL,NULL
01,0155,015515,BUGALLON,NULL,NULL,NULL,NULL,NULL,NULL
01,0155,015516,BURGOS,NULL,NULL,NULL,NULL,NULL,NULL
01,0155,015517,CALASIAO,NULL,NULL,NULL,NULL,NULL,NULL
01,0155,015518,DAGUPAN CITY,NULL,NULL,NULL,NULL,NULL,NULL
01,0155,015519,DASOL,NULL,NULL,NULL,NULL,NULL,NULL
01,0155,015520,INFANTA,NULL,NULL,NULL,NULL,NULL,NULL
01,0155,015521,LABRADOR,NULL,NULL,NULL,NULL,NULL,NULL
01,0155,015522,LINGAYEN (Capital),NULL,NULL,NULL,NULL,NULL,NULL
01,0155,015523,MABINI,NULL,NULL,NULL,NULL,NULL,NULL
01,0155,015524,MALASIQUI,NULL,NULL,NULL,NULL,NULL,NULL
01,0155,015525,MANAOAG,NULL,NULL,NULL,NULL,NULL,NULL
01,0155,015526,MANGALDAN,NULL,NULL,NULL,NULL,NULL,NULL
01,0155,015527,MANGATAREM,NULL,NULL,NULL,NULL,NULL,NULL
01,0155,015528,MAPANDAN,NULL,NULL,NULL,NULL,NULL,NULL
01,0155,015529,NATIVIDAD,NULL,NULL,NULL,NULL,NULL,NULL
01,0155,015530,POZZORUBIO,NULL,NULL,NULL,NULL,NULL,NULL
01,0155,015531,ROSALES,NULL,NULL,NULL,NULL,NULL,NULL
01,0155,015532,SAN CARLOS CITY,NULL,NULL,NULL,NULL,NULL,NULL
01,0155,015533,SAN FABIAN,NULL,NULL,NULL,NULL,NULL,NULL
01,0155,015534,SAN JACINTO,NULL,NULL,NULL,NULL,NULL,NULL
01,0155,015535,SAN MANUEL,NULL,NULL,NULL,NULL,NULL,NULL
01,0155,015536,SAN NICOLAS,NULL,NULL,NULL,NULL,NULL,NULL
01,0155,015537,SAN QUINTIN,NULL,NULL,NULL,NULL,NULL,NULL
01,0155,015538,SANTA BARBARA,NULL,NULL,NULL,NULL,NULL,NULL
01,0155,015539,SANTA MARIA,NULL,NULL,NULL,NULL,NULL,NULL
01,0155,015540,SANTO TOMAS,NULL,NULL,NULL,NULL,NULL,NULL
01,0155,015541,SISON,NULL,NULL,NULL,NULL,NULL,NULL
01,0155,015542,SUAL,NULL,NULL,NULL,NULL,NULL,NULL
01,0155,015543,TAYUG,NULL,NULL,NULL,NULL,NULL,NULL
01,0155,015544,UMINGAN,NULL,NULL,NULL,NULL,NULL,NULL
01,0155,015545,URBIZTONDO,NULL,NULL,NULL,NULL,NULL,NULL
01,0155,015546,CITY OF URDANETA,NULL,NULL,NULL,NULL,NULL,NULL
01,0155,015547,VILLASIS,NULL,NULL,NULL,NULL,NULL,NULL
01,0155,015548,LAOAC,NULL,NULL,NULL,NULL,NULL,NULL
02,0209,020901,BASCO (Capital),NULL,NULL,NULL,NULL,NULL,NULL
02,0209,020902,ITBAYAT,NULL,NULL,NULL,NULL,NULL,NULL
02,0209,020903,IVANA,NULL,NULL,NULL,NULL,NULL,NULL
02,0209,020904,MAHATAO,NULL,NULL,NULL,NULL,NULL,NULL
02,0209,020905,SABTANG,NULL,NULL,NULL,NULL,NULL,NULL
02,0209,020906,UYUGAN,NULL,NULL,NULL,NULL,NULL,NULL
02,0215,021501,ABULUG,NULL,NULL,NULL,NULL,NULL,NULL
02,0215,021502,ALCALA,NULL,NULL,NULL,NULL,NULL,NULL
02,0215,021503,ALLACAPAN,NULL,NULL,NULL,NULL,NULL,NULL
02,0215,021504,AMULUNG,NULL,NULL,NULL,NULL,NULL,NULL
02,0215,021505,APARRI,NULL,NULL,NULL,NULL,NULL,NULL
02,0215,021506,BAGGAO,NULL,NULL,NULL,NULL,NULL,NULL
02,0215,021507,BALLESTEROS,NULL,NULL,NULL,NULL,NULL,NULL
02,0215,021508,BUGUEY,NULL,NULL,NULL,NULL,NULL,NULL
02,0215,021509,CALAYAN,NULL,NULL,NULL,NULL,NULL,NULL
02,0215,021510,CAMALANIUGAN,NULL,NULL,NULL,NULL,NULL,NULL
02,0215,021511,CLAVERIA,NULL,NULL,NULL,NULL,NULL,NULL
02,0215,021512,ENRILE,NULL,NULL,NULL,NULL,NULL,NULL
02,0215,021513,GATTARAN,NULL,NULL,NULL,NULL,NULL,NULL
02,0215,021514,GONZAGA,NULL,NULL,NULL,NULL,NULL,NULL
02,0215,021515,IGUIG,NULL,NULL,NULL,NULL,NULL,NULL
02,0215,021516,LAL-LO,NULL,NULL,NULL,NULL,NULL,NULL
02,0215,021517,LASAM,NULL,NULL,NULL,NULL,NULL,NULL
02,0215,021518,PAMPLONA,NULL,NULL,NULL,NULL,NULL,NULL
02,0215,021519,PEABLANCA,NULL,NULL,NULL,NULL,NULL,NULL
02,0215,021520,PIAT,NULL,NULL,NULL,NULL,NULL,NULL
02,0215,021521,RIZAL,NULL,NULL,NULL,NULL,NULL,NULL
02,0215,021522,SANCHEZ-MIRA,NULL,NULL,NULL,NULL,NULL,NULL
02,0215,021523,SANTA ANA,NULL,NULL,NULL,NULL,NULL,NULL
02,0215,021524,SANTA PRAXEDES,NULL,NULL,NULL,NULL,NULL,NULL
02,0215,021525,SANTA TERESITA,NULL,NULL,NULL,NULL,NULL,NULL
02,0215,021526,SANTO NIO (FAIRE),NULL,NULL,NULL,NULL,NULL,NULL
02,0215,021527,SOLANA,NULL,NULL,NULL,NULL,NULL,NULL
02,0215,021528,TUAO,NULL,NULL,NULL,NULL,NULL,NULL
02,0215,021529,TUGUEGARAO CITY(Capital),NULL,NULL,NULL,NULL,NULL,NULL
02,0231,023101,ALICIA,NULL,NULL,NULL,NULL,NULL,NULL
02,0231,023102,ANGADANAN,NULL,NULL,NULL,NULL,NULL,NULL
02,0231,023103,AURORA,NULL,NULL,NULL,NULL,NULL,NULL
02,0231,023104,BENITO SOLIVEN,NULL,NULL,NULL,NULL,NULL,NULL
02,0231,023105,BURGOS,NULL,NULL,NULL,NULL,NULL,NULL
02,0231,023106,CABAGAN,NULL,NULL,NULL,NULL,NULL,NULL
02,0231,023107,CABATUAN,NULL,NULL,NULL,NULL,NULL,NULL
02,0231,023108,CITY OF CAUAYAN,NULL,NULL,NULL,NULL,NULL,NULL
02,0231,023109,CORDON,NULL,NULL,NULL,NULL,NULL,NULL
02,0231,023110,DINAPIGUE,NULL,NULL,NULL,NULL,NULL,NULL
02,0231,023111,DIVILICAN,NULL,NULL,NULL,NULL,NULL,NULL
02,0231,023112,ECHAGUE,NULL,NULL,NULL,NULL,NULL,NULL
02,0231,023113,GAMU,NULL,NULL,NULL,NULL,NULL,NULL
02,0231,023114,ILAGAN (Capital),NULL,NULL,NULL,NULL,NULL,NULL
02,0231,023115,JONES,NULL,NULL,NULL,NULL,NULL,NULL
02,0231,023116,LUNA,NULL,NULL,NULL,NULL,NULL,NULL
02,0231,023117,MACONACON,NULL,NULL,NULL,NULL,NULL,NULL
02,0231,023118,DELFIN ALBANO (MAGSAYSAY),NULL,NULL,NULL,NULL,NULL,NULL
02,0231,023119,MALLIG,NULL,NULL,NULL,NULL,NULL,NULL
02,0231,023120,NAGUILIAN,NULL,NULL,NULL,NULL,NULL,NULL
02,0231,023121,PALANAN,NULL,NULL,NULL,NULL,NULL,NULL
02,0231,023122,QUEZON,NULL,NULL,NULL,NULL,NULL,NULL
02,0231,023123,QUIRINO,NULL,NULL,NULL,NULL,NULL,NULL
02,0231,023124,RAMON,NULL,NULL,NULL,NULL,NULL,NULL
02,0231,023125,REINA MERCEDES,NULL,NULL,NULL,NULL,NULL,NULL
02,0231,023126,ROXAS,NULL,NULL,NULL,NULL,NULL,NULL
02,0231,023127,SAN AGUSTIN,NULL,NULL,NULL,NULL,NULL,NULL
02,0231,023128,SAN GUILLERMO,NULL,NULL,NULL,NULL,NULL,NULL
02,0231,023129,SAN ISIDRO,NULL,NULL,NULL,NULL,NULL,NULL
02,0231,023130,SAN MANUEL,NULL,NULL,NULL,NULL,NULL,NULL
02,0231,023131,SAN MARIANO,NULL,NULL,NULL,NULL,NULL,NULL
02,0231,023132,SAN MATEO,NULL,NULL,NULL,NULL,NULL,NULL
02,0231,023133,SAN PABLO,NULL,NULL,NULL,NULL,NULL,NULL
02,0231,023134,SANTA MARIA,NULL,NULL,NULL,NULL,NULL,NULL
02,0231,023135,CITY OF SANTIAGO,NULL,NULL,NULL,NULL,NULL,NULL
02,0231,023136,SANTO TOMAS,NULL,NULL,NULL,NULL,NULL,NULL
02,0231,023137,TUMAUINI,NULL,NULL,NULL,NULL,NULL,NULL
02,0250,025001,AMBAGUIO,NULL,NULL,NULL,NULL,NULL,NULL
02,0250,025002,ARITAO,NULL,NULL,NULL,NULL,NULL,NULL
02,0250,025003,BAGABAG,NULL,NULL,NULL,NULL,NULL,NULL
02,0250,025004,BAMBANG,NULL,NULL,NULL,NULL,NULL,NULL
02,0250,025005,BAYOMBONG (Capital),NULL,NULL,NULL,NULL,NULL,NULL
02,0250,025006,DIADI,NULL,NULL,NULL,NULL,NULL,NULL
02,0250,025007,DUPAX DEL NORTE,NULL,NULL,NULL,NULL,NULL,NULL
02,0250,025008,DUPAX DEL SUR,NULL,NULL,NULL,NULL,NULL,NULL
02,0250,025009,KASIBU,NULL,NULL,NULL,NULL,NULL,NULL
02,0250,025010,KAYAPA,NULL,NULL,NULL,NULL,NULL,NULL
02,0250,025011,QUEZON,NULL,NULL,NULL,NULL,NULL,NULL
02,0250,025012,SANTA FE,NULL,NULL,NULL,NULL,NULL,NULL
02,0250,025013,SOLANO,NULL,NULL,NULL,NULL,NULL,NULL
02,0250,025014,VILLAVERDE,NULL,NULL,NULL,NULL,NULL,NULL
02,0250,025015,ALFONSO CASTAEDA,NULL,NULL,NULL,NULL,NULL,NULL
02,0257,025701,AGLIPAY,NULL,NULL,NULL,NULL,NULL,NULL
02,0257,025702,CABARROGUIS (Capital),NULL,NULL,NULL,NULL,NULL,NULL
02,0257,025703,DIFFUN,NULL,NULL,NULL,NULL,NULL,NULL
02,0257,025704,MADDELA,NULL,NULL,NULL,NULL,NULL,NULL
02,0257,025705,SAGUDAY,NULL,NULL,NULL,NULL,NULL,NULL
02,0257,025706,NAGTIPUNAN,NULL,NULL,NULL,NULL,NULL,NULL
03,0308,030801,ABUCAY,NULL,NULL,NULL,NULL,NULL,NULL
03,0308,030802,BAGAC,NULL,NULL,NULL,NULL,NULL,NULL
03,0308,030803,CITY OF BALANGA (Capital),NULL,NULL,NULL,NULL,NULL,NULL
03,0308,030804,DINALUPIHAN,NULL,NULL,NULL,NULL,NULL,NULL
03,0308,030805,HERMOSA,NULL,NULL,NULL,NULL,NULL,NULL
03,0308,030806,LIMAY,NULL,NULL,NULL,NULL,NULL,NULL
03,0308,030807,MARIVELES,NULL,NULL,NULL,NULL,NULL,NULL
03,0308,030808,MORONG,NULL,NULL,NULL,NULL,NULL,NULL
03,0308,030809,ORANI,NULL,NULL,NULL,NULL,NULL,NULL
03,0308,030810,ORION,NULL,NULL,NULL,NULL,NULL,NULL
03,0308,030811,PILAR,NULL,NULL,NULL,NULL,NULL,NULL
03,0308,030812,SAMAL,NULL,NULL,NULL,NULL,NULL,NULL
03,0314,031401,ANGAT,NULL,NULL,NULL,NULL,NULL,NULL
03,0314,031402,BALAGTAS (BIGAA),NULL,NULL,NULL,NULL,NULL,NULL
03,0314,031403,BALIUAG,NULL,NULL,NULL,NULL,NULL,NULL
03,0314,031404,BOCAUE,NULL,NULL,NULL,NULL,NULL,NULL
03,0314,031405,BULACAN,NULL,NULL,NULL,NULL,NULL,NULL
03,0314,031406,BUSTOS,NULL,NULL,NULL,NULL,NULL,NULL
03,0314,031407,CALUMPIT,NULL,NULL,NULL,NULL,NULL,NULL
03,0314,031408,GUIGUINTO,NULL,NULL,NULL,NULL,NULL,NULL
03,0314,031409,HAGONOY,NULL,NULL,NULL,NULL,NULL,NULL
03,0314,031410,CITY OF MALOLOS  (Capital),NULL,NULL,NULL,NULL,NULL,NULL
03,0314,031411,MARILAO,NULL,NULL,NULL,NULL,NULL,NULL
03,0314,031412,MEYCAUAYAN,NULL,NULL,NULL,NULL,NULL,NULL
03,0314,031413,NORZAGARAY,NULL,NULL,NULL,NULL,NULL,NULL
03,0314,031414,OBANDO,NULL,NULL,NULL,NULL,NULL,NULL
03,0314,031415,PANDI,NULL,NULL,NULL,NULL,NULL,NULL
03,0314,031416,PAOMBONG,NULL,NULL,NULL,NULL,NULL,NULL
03,0314,031417,PLARIDEL,NULL,NULL,NULL,NULL,NULL,NULL
03,0314,031418,PULILAN,NULL,NULL,NULL,NULL,NULL,NULL
03,0314,031419,SAN ILDEFONSO,NULL,NULL,NULL,NULL,NULL,NULL
03,0314,031420,CITY OF SAN JOSE DEL MONTE,NULL,NULL,NULL,NULL,NULL,NULL
03,0314,031421,SAN MIGUEL,NULL,NULL,NULL,NULL,NULL,NULL
03,0314,031422,SAN RAFAEL,NULL,NULL,NULL,NULL,NULL,NULL
03,0314,031423,SANTA MARIA,NULL,NULL,NULL,NULL,NULL,NULL
03,0314,031424,DOA REMEDIOS TRINIDAD,NULL,NULL,NULL,NULL,NULL,NULL
03,0349,034901,ALIAGA,NULL,NULL,NULL,NULL,NULL,NULL
03,0349,034902,BONGABON,NULL,NULL,NULL,NULL,NULL,NULL
03,0349,034903,CABANATUAN CITY,NULL,NULL,NULL,NULL,NULL,NULL
03,0349,034904,CABIAO,NULL,NULL,NULL,NULL,NULL,NULL
03,0349,034905,CARRANGLAN,NULL,NULL,NULL,NULL,NULL,NULL
03,0349,034906,CUYAPO,NULL,NULL,NULL,NULL,NULL,NULL
03,0349,034907,GABALDON (BITULOK & SABANI),NULL,NULL,NULL,NULL,NULL,NULL
03,0349,034908,CITY OF GAPAN,NULL,NULL,NULL,NULL,NULL,NULL
03,0349,034909,GENERAL MAMERTO NATIVIDAD,NULL,NULL,NULL,NULL,NULL,NULL
03,0349,034910,GENERAL TINIO (PAPAYA),NULL,NULL,NULL,NULL,NULL,NULL
03,0349,034911,GUIMBA,NULL,NULL,NULL,NULL,NULL,NULL
03,0349,034912,JAEN,NULL,NULL,NULL,NULL,NULL,NULL
03,0349,034913,LAUR,NULL,NULL,NULL,NULL,NULL,NULL
03,0349,034914,LICAB,NULL,NULL,NULL,NULL,NULL,NULL
03,0349,034915,LLANERA,NULL,NULL,NULL,NULL,NULL,NULL
03,0349,034916,LUPAO,NULL,NULL,NULL,NULL,NULL,NULL
03,0349,034917,SCIENCE CITY OF MUOZ,NULL,NULL,NULL,NULL,NULL,NULL
03,0349,034918,NAMPICUAN,NULL,NULL,NULL,NULL,NULL,NULL
03,0349,034919,PALAYAN CITY (Capital),NULL,NULL,NULL,NULL,NULL,NULL
03,0349,034920,PANTABANGAN,NULL,NULL,NULL,NULL,NULL,NULL
03,0349,034921,PEARANDA,NULL,NULL,NULL,NULL,NULL,NULL
03,0349,034922,QUEZON,NULL,NULL,NULL,NULL,NULL,NULL
03,0349,034923,RIZAL,NULL,NULL,NULL,NULL,NULL,NULL
03,0349,034924,SAN ANTONIO,NULL,NULL,NULL,NULL,NULL,NULL
03,0349,034925,SAN ISIDRO,NULL,NULL,NULL,NULL,NULL,NULL
03,0349,034926,SAN JOSE CITY,NULL,NULL,NULL,NULL,NULL,NULL
03,0349,034927,SAN LEONARDO,NULL,NULL,NULL,NULL,NULL,NULL
03,0349,034928,SANTA ROSA,NULL,NULL,NULL,NULL,NULL,NULL
03,0349,034929,SANTO DOMINGO,NULL,NULL,NULL,NULL,NULL,NULL
03,0349,034930,TALAVERA,NULL,NULL,NULL,NULL,NULL,NULL
03,0349,034931,TALUGTUG,NULL,NULL,NULL,NULL,NULL,NULL
03,0349,034932,ZARAGOZA,NULL,NULL,NULL,NULL,NULL,NULL
03,0354,035401,ANGELES CITY,NULL,NULL,NULL,NULL,NULL,NULL
03,0354,035402,APALIT,NULL,NULL,NULL,NULL,NULL,NULL
03,0354,035403,ARAYAT,NULL,NULL,NULL,NULL,NULL,NULL
03,0354,035404,BACOLOR,NULL,NULL,NULL,NULL,NULL,NULL
03,0354,035405,CANDABA,NULL,NULL,NULL,NULL,NULL,NULL
03,0354,035406,FLORIDABLANCA,NULL,NULL,NULL,NULL,NULL,NULL
03,0354,035407,GUAGUA,NULL,NULL,NULL,NULL,NULL,NULL
03,0354,035408,LUBAO,NULL,NULL,NULL,NULL,NULL,NULL
03,0354,035409,MABALACAT,NULL,NULL,NULL,NULL,NULL,NULL
03,0354,035410,MACABEBE,NULL,NULL,NULL,NULL,NULL,NULL
03,0354,035411,MAGALANG,NULL,NULL,NULL,NULL,NULL,NULL
03,0354,035412,MASANTOL,NULL,NULL,NULL,NULL,NULL,NULL
03,0354,035413,MEXICO,NULL,NULL,NULL,NULL,NULL,NULL
03,0354,035414,MINALIN,NULL,NULL,NULL,NULL,NULL,NULL
03,0354,035415,PORAC,NULL,NULL,NULL,NULL,NULL,NULL
03,0354,035416,CITY OF SAN FERNANDO (Capital),NULL,NULL,NULL,NULL,NULL,NULL
03,0354,035417,SAN LUIS,NULL,NULL,NULL,NULL,NULL,NULL
03,0354,035418,SAN SIMON,NULL,NULL,NULL,NULL,NULL,NULL
03,0354,035419,SANTA ANA,NULL,NULL,NULL,NULL,NULL,NULL
03,0354,035420,SANTA RITA,NULL,NULL,NULL,NULL,NULL,NULL
03,0354,035421,SANTO TOMAS,NULL,NULL,NULL,NULL,NULL,NULL
03,0354,035422,SASMUAN (SEXMOAN),NULL,NULL,NULL,NULL,NULL,NULL
03,0369,036901,ANAO,NULL,NULL,NULL,NULL,NULL,NULL
03,0369,036902,BAMBAN,NULL,NULL,NULL,NULL,NULL,NULL
03,0369,036903,CAMILING,NULL,NULL,NULL,NULL,NULL,NULL
03,0369,036904,CAPAS,NULL,NULL,NULL,NULL,NULL,NULL
03,0369,036905,CONCEPCION,NULL,NULL,NULL,NULL,NULL,NULL
03,0369,036906,GERONA,NULL,NULL,NULL,NULL,NULL,NULL
03,0369,036907,LA PAZ,NULL,NULL,NULL,NULL,NULL,NULL
03,0369,036908,MAYANTOC,NULL,NULL,NULL,NULL,NULL,NULL
03,0369,036909,MONCADA,NULL,NULL,NULL,NULL,NULL,NULL
03,0369,036910,PANIQUI,NULL,NULL,NULL,NULL,NULL,NULL
03,0369,036911,PURA,NULL,NULL,NULL,NULL,NULL,NULL
03,0369,036912,RAMOS,NULL,NULL,NULL,NULL,NULL,NULL
03,0369,036913,SAN CLEMENTE,NULL,NULL,NULL,NULL,NULL,NULL
03,0369,036914,SAN MANUEL,NULL,NULL,NULL,NULL,NULL,NULL
03,0369,036915,SANTA IGNACIA,NULL,NULL,NULL,NULL,NULL,NULL
03,0369,036916,CITY OF TARLAC (Capital),NULL,NULL,NULL,NULL,NULL,NULL
03,0369,036917,VICTORIA,NULL,NULL,NULL,NULL,NULL,NULL
03,0369,036918,SAN JOSE,NULL,NULL,NULL,NULL,NULL,NULL
03,0371,037101,BOTOLAN,NULL,NULL,NULL,NULL,NULL,NULL
03,0371,037102,CABANGAN,NULL,NULL,NULL,NULL,NULL,NULL
03,0371,037103,CANDELARIA,NULL,NULL,NULL,NULL,NULL,NULL
03,0371,037104,CASTILLEJOS,NULL,NULL,NULL,NULL,NULL,NULL
03,0371,037105,IBA (Capital),NULL,NULL,NULL,NULL,NULL,NULL
03,0371,037106,MASINLOC,NULL,NULL,NULL,NULL,NULL,NULL
03,0371,037107,OLONGAPO CITY,NULL,NULL,NULL,NULL,NULL,NULL
03,0371,037108,PALAUIG,NULL,NULL,NULL,NULL,NULL,NULL
03,0371,037109,SAN ANTONIO,NULL,NULL,NULL,NULL,NULL,NULL
03,0371,037110,SAN FELIPE,NULL,NULL,NULL,NULL,NULL,NULL
03,0371,037111,SAN MARCELINO,NULL,NULL,NULL,NULL,NULL,NULL
03,0371,037112,SAN NARCISO,NULL,NULL,NULL,NULL,NULL,NULL
03,0371,037113,SANTA CRUZ,NULL,NULL,NULL,NULL,NULL,NULL
03,0371,037114,SUBIC,NULL,NULL,NULL,NULL,NULL,NULL
03,0377,037701,BALER  (Capital),NULL,NULL,NULL,NULL,NULL,NULL
03,0377,037702,CASIGURAN,NULL,NULL,NULL,NULL,NULL,NULL
03,0377,037703,DILASAG,NULL,NULL,NULL,NULL,NULL,NULL
03,0377,037704,DINALUNGAN,NULL,NULL,NULL,NULL,NULL,NULL
03,0377,037705,DINGALAN,NULL,NULL,NULL,NULL,NULL,NULL
03,0377,037706,DIPACULAO,NULL,NULL,NULL,NULL,NULL,NULL
03,0377,037707,MARIA AURORA,NULL,NULL,NULL,NULL,NULL,NULL
03,0377,037708,SAN LUIS,NULL,NULL,NULL,NULL,NULL,NULL
04,0410,041001,AGONCILLO,NULL,NULL,NULL,NULL,NULL,NULL
04,0410,041002,ALITAGTAG,NULL,NULL,NULL,NULL,NULL,NULL
04,0410,041003,BALAYAN,NULL,NULL,NULL,NULL,NULL,NULL
04,0410,041004,BALETE,NULL,NULL,NULL,NULL,NULL,NULL
04,0410,041005,BATANGAS CITY (Capital),NULL,NULL,NULL,NULL,NULL,NULL
04,0410,041006,BAUAN,NULL,NULL,NULL,NULL,NULL,NULL
04,0410,041007,CALACA,NULL,NULL,NULL,NULL,NULL,NULL
04,0410,041008,CALATAGAN,NULL,NULL,NULL,NULL,NULL,NULL
04,0410,041009,CUENCA,NULL,NULL,NULL,NULL,NULL,NULL
04,0410,041010,IBAAN,NULL,NULL,NULL,NULL,NULL,NULL
04,0410,041011,LAUREL,NULL,NULL,NULL,NULL,NULL,NULL
04,0410,041012,LEMERY,NULL,NULL,NULL,NULL,NULL,NULL
04,0410,041013,LIAN,NULL,NULL,NULL,NULL,NULL,NULL
04,0410,041014,LIPA CITY,NULL,NULL,NULL,NULL,NULL,NULL
04,0410,041015,LOBO,NULL,NULL,NULL,NULL,NULL,NULL
04,0410,041016,MABINI,NULL,NULL,NULL,NULL,NULL,NULL
04,0410,041017,MALVAR,NULL,NULL,NULL,NULL,NULL,NULL
04,0410,041018,MATAAS NA KAHOY,NULL,NULL,NULL,NULL,NULL,NULL
04,0410,041019,NASUGBU,NULL,NULL,NULL,NULL,NULL,NULL
04,0410,041020,PADRE GARCIA,NULL,NULL,NULL,NULL,NULL,NULL
04,0410,041021,ROSARIO,NULL,NULL,NULL,NULL,NULL,NULL
04,0410,041022,SAN JOSE,NULL,NULL,NULL,NULL,NULL,NULL
04,0410,041023,SAN JUAN,NULL,NULL,NULL,NULL,NULL,NULL
04,0410,041024,SAN LUIS,NULL,NULL,NULL,NULL,NULL,NULL
04,0410,041025,SAN NICOLAS,NULL,NULL,NULL,NULL,NULL,NULL
04,0410,041026,SAN PASCUAL,NULL,NULL,NULL,NULL,NULL,NULL
04,0410,041027,SANTA TERESITA,NULL,NULL,NULL,NULL,NULL,NULL
04,0410,041028,SANTO TOMAS,NULL,NULL,NULL,NULL,NULL,NULL
04,0410,041029,TAAL,NULL,NULL,NULL,NULL,NULL,NULL
04,0410,041030,TALISAY,NULL,NULL,NULL,NULL,NULL,NULL
04,0410,041031,CITY OF TANAUAN,NULL,NULL,NULL,NULL,NULL,NULL
04,0410,041032,TAYSAN,NULL,NULL,NULL,NULL,NULL,NULL
04,0410,041033,TINGLOY,NULL,NULL,NULL,NULL,NULL,NULL
04,0410,041034,TUY,NULL,NULL,NULL,NULL,NULL,NULL
04,0421,042101,ALFONSO,NULL,NULL,NULL,NULL,NULL,NULL
04,0421,042102,AMADEO,NULL,NULL,NULL,NULL,NULL,NULL
04,0421,042103,BACOOR,NULL,NULL,NULL,NULL,NULL,NULL
04,0421,042104,CARMONA,NULL,NULL,NULL,NULL,NULL,NULL
04,0421,042105,CAVITE CITY,NULL,NULL,NULL,NULL,NULL,NULL
04,0421,042106,DASMARIAS,NULL,NULL,NULL,NULL,NULL,NULL
04,0421,042107,GENERAL EMILIO AGUINALDO,NULL,NULL,NULL,NULL,NULL,NULL
04,0421,042108,GENERAL TRIAS,NULL,NULL,NULL,NULL,NULL,NULL
04,0421,042109,IMUS,NULL,NULL,NULL,NULL,NULL,NULL
04,0421,042110,INDANG,NULL,NULL,NULL,NULL,NULL,NULL
04,0421,042111,KAWIT,NULL,NULL,NULL,NULL,NULL,NULL
04,0421,042112,MAGALLANES,NULL,NULL,NULL,NULL,NULL,NULL
04,0421,042113,MARAGONDON,NULL,NULL,NULL,NULL,NULL,NULL
04,0421,042114,MENDEZ (MENDEZ-NUEZ),NULL,NULL,NULL,NULL,NULL,NULL
04,0421,042115,NAIC,NULL,NULL,NULL,NULL,NULL,NULL
04,0421,042116,NOVELETA,NULL,NULL,NULL,NULL,NULL,NULL
04,0421,042117,ROSARIO,NULL,NULL,NULL,NULL,NULL,NULL
04,0421,042118,SILANG,NULL,NULL,NULL,NULL,NULL,NULL
04,0421,042119,TAGAYTAY CITY,NULL,NULL,NULL,NULL,NULL,NULL
04,0421,042120,TANZA,NULL,NULL,NULL,NULL,NULL,NULL
04,0421,042121,TERNATE,NULL,NULL,NULL,NULL,NULL,NULL
04,0421,042122,TRECE MARTIRES CITY (Capital),NULL,NULL,NULL,NULL,NULL,NULL
04,0421,042123,GEN. MARIANO ALVAREZ,NULL,NULL,NULL,NULL,NULL,NULL
04,0434,043401,ALAMINOS,NULL,NULL,NULL,NULL,NULL,NULL
04,0434,043402,BAY,NULL,NULL,NULL,NULL,NULL,NULL
04,0434,043403,BIAN,NULL,NULL,NULL,NULL,NULL,NULL
04,0434,043404,CABUYAO,NULL,NULL,NULL,NULL,NULL,NULL
04,0434,043405,CITY OF CALAMBA,NULL,NULL,NULL,NULL,NULL,NULL
04,0434,043406,CALAUAN,NULL,NULL,NULL,NULL,NULL,NULL
04,0434,043407,CAVINTI,NULL,NULL,NULL,NULL,NULL,NULL
04,0434,043408,FAMY,NULL,NULL,NULL,NULL,NULL,NULL
04,0434,043409,KALAYAAN,NULL,NULL,NULL,NULL,NULL,NULL
04,0434,043410,LILIW,NULL,NULL,NULL,NULL,NULL,NULL
04,0434,043411,LOS BAOS,NULL,NULL,NULL,NULL,NULL,NULL
04,0434,043412,LUISIANA,NULL,NULL,NULL,NULL,NULL,NULL
04,0434,043413,LUMBAN,NULL,NULL,NULL,NULL,NULL,NULL
04,0434,043414,MABITAC,NULL,NULL,NULL,NULL,NULL,NULL
04,0434,043415,MAGDALENA,NULL,NULL,NULL,NULL,NULL,NULL
04,0434,043416,MAJAYJAY,NULL,NULL,NULL,NULL,NULL,NULL
04,0434,043417,NAGCARLAN,NULL,NULL,NULL,NULL,NULL,NULL
04,0434,043418,PAETE,NULL,NULL,NULL,NULL,NULL,NULL
04,0434,043419,PAGSANJAN,NULL,NULL,NULL,NULL,NULL,NULL
04,0434,043420,PAKIL,NULL,NULL,NULL,NULL,NULL,NULL
04,0434,043421,PANGIL,NULL,NULL,NULL,NULL,NULL,NULL
04,0434,043422,PILA,NULL,NULL,NULL,NULL,NULL,NULL
04,0434,043423,RIZAL,NULL,NULL,NULL,NULL,NULL,NULL
04,0434,043424,SAN PABLO CITY,NULL,NULL,NULL,NULL,NULL,NULL
04,0434,043425,SAN PEDRO,NULL,NULL,NULL,NULL,NULL,NULL
04,0434,043426,SANTA CRUZ (Capital),NULL,NULL,NULL,NULL,NULL,NULL
04,0434,043427,SANTA MARIA,NULL,NULL,NULL,NULL,NULL,NULL
04,0434,043428,SANTA ROSA,NULL,NULL,NULL,NULL,NULL,NULL
04,0434,043429,SINILOAN,NULL,NULL,NULL,NULL,NULL,NULL
04,0434,043430,VICTORIA,NULL,NULL,NULL,NULL,NULL,NULL
04,0456,045601,AGDANGAN,NULL,NULL,NULL,NULL,NULL,NULL
04,0456,045602,ALABAT,NULL,NULL,NULL,NULL,NULL,NULL
04,0456,045603,ATIMONAN,NULL,NULL,NULL,NULL,NULL,NULL
04,0456,045605,BUENAVISTA,NULL,NULL,NULL,NULL,NULL,NULL
04,0456,045606,BURDEOS,NULL,NULL,NULL,NULL,NULL,NULL
04,0456,045607,CALAUAG,NULL,NULL,NULL,NULL,NULL,NULL
04,0456,045608,CANDELARIA,NULL,NULL,NULL,NULL,NULL,NULL
04,0456,045610,CATANAUAN,NULL,NULL,NULL,NULL,NULL,NULL
04,0456,045615,DOLORES,NULL,NULL,NULL,NULL,NULL,NULL
04,0456,045616,GENERAL LUNA,NULL,NULL,NULL,NULL,NULL,NULL
04,0456,045617,GENERAL NAKAR,NULL,NULL,NULL,NULL,NULL,NULL
04,0456,045618,GUINAYANGAN,NULL,NULL,NULL,NULL,NULL,NULL
04,0456,045619,GUMACA,NULL,NULL,NULL,NULL,NULL,NULL
04,0456,045620,INFANTA,NULL,NULL,NULL,NULL,NULL,NULL
04,0456,045621,JOMALIG,NULL,NULL,NULL,NULL,NULL,NULL
04,0456,045622,LOPEZ,NULL,NULL,NULL,NULL,NULL,NULL
04,0456,045623,LUCBAN,NULL,NULL,NULL,NULL,NULL,NULL
04,0456,045624,LUCENA CITY (Capital),NULL,NULL,NULL,NULL,NULL,NULL
04,0456,045625,MACALELON,NULL,NULL,NULL,NULL,NULL,NULL
04,0456,045627,MAUBAN,NULL,NULL,NULL,NULL,NULL,NULL
04,0456,045628,MULANAY,NULL,NULL,NULL,NULL,NULL,NULL
04,0456,045629,PADRE BURGOS,NULL,NULL,NULL,NULL,NULL,NULL
04,0456,045630,PAGBILAO,NULL,NULL,NULL,NULL,NULL,NULL
04,0456,045631,PANUKULAN,NULL,NULL,NULL,NULL,NULL,NULL
04,0456,045632,PATNANUNGAN,NULL,NULL,NULL,NULL,NULL,NULL
04,0456,045633,PEREZ,NULL,NULL,NULL,NULL,NULL,NULL
04,0456,045634,PITOGO,NULL,NULL,NULL,NULL,NULL,NULL
04,0456,045635,PLARIDEL,NULL,NULL,NULL,NULL,NULL,NULL
04,0456,045636,POLILLO,NULL,NULL,NULL,NULL,NULL,NULL
04,0456,045637,QUEZON,NULL,NULL,NULL,NULL,NULL,NULL
04,0456,045638,REAL,NULL,NULL,NULL,NULL,NULL,NULL
04,0456,045639,SAMPALOC,NULL,NULL,NULL,NULL,NULL,NULL
04,0456,045640,SAN ANDRES,NULL,NULL,NULL,NULL,NULL,NULL
04,0456,045641,SAN ANTONIO,NULL,NULL,NULL,NULL,NULL,NULL
04,0456,045642,SAN FRANCISCO (AURORA),NULL,NULL,NULL,NULL,NULL,NULL
04,0456,045644,SAN NARCISO,NULL,NULL,NULL,NULL,NULL,NULL
04,0456,045645,SARIAYA,NULL,NULL,NULL,NULL,NULL,NULL
04,0456,045646,TAGKAWAYAN,NULL,NULL,NULL,NULL,NULL,NULL
04,0456,045647,TAYABAS,NULL,NULL,NULL,NULL,NULL,NULL
04,0456,045648,TIAONG,NULL,NULL,NULL,NULL,NULL,NULL
04,0456,045649,UNISAN,NULL,NULL,NULL,NULL,NULL,NULL
04,0458,045801,ANGONO,NULL,NULL,NULL,NULL,NULL,NULL
04,0458,045802,CITY OF ANTIPOLO,NULL,NULL,NULL,NULL,NULL,NULL
04,0458,045803,BARAS,NULL,NULL,NULL,NULL,NULL,NULL
04,0458,045804,BINANGONAN,NULL,NULL,NULL,NULL,NULL,NULL
04,0458,045805,CAINTA,NULL,NULL,NULL,NULL,NULL,NULL
04,0458,045806,CARDONA,NULL,NULL,NULL,NULL,NULL,NULL
04,0458,045807,JALA-JALA,NULL,NULL,NULL,NULL,NULL,NULL
04,0458,045808,RODRIGUEZ (MONTALBAN),NULL,NULL,NULL,NULL,NULL,NULL
04,0458,045809,MORONG,NULL,NULL,NULL,NULL,NULL,NULL
04,0458,045810,PILILLA,NULL,NULL,NULL,NULL,NULL,NULL
04,0458,045811,SAN MATEO,NULL,NULL,NULL,NULL,NULL,NULL
04,0458,045812,TANAY,NULL,NULL,NULL,NULL,NULL,NULL
04,0458,045813,TAYTAY,NULL,NULL,NULL,NULL,NULL,NULL
04,0458,045814,TERESA,NULL,NULL,NULL,NULL,NULL,NULL
05,0505,050501,BACACAY,NULL,NULL,NULL,NULL,NULL,NULL
05,0505,050502,CAMALIG,NULL,NULL,NULL,NULL,NULL,NULL
05,0505,050503,DARAGA (LOCSIN),NULL,NULL,NULL,NULL,NULL,NULL
05,0505,050504,GUINOBATAN,NULL,NULL,NULL,NULL,NULL,NULL
05,0505,050505,JOVELLAR,NULL,NULL,NULL,NULL,NULL,NULL
05,0505,050506,LEGAZPI CITY  (Capital),NULL,NULL,NULL,NULL,NULL,NULL
05,0505,050507,LIBON,NULL,NULL,NULL,NULL,NULL,NULL
05,0505,050508,CITY OF LIGAO,NULL,NULL,NULL,NULL,NULL,NULL
05,0505,050509,MALILIPOT,NULL,NULL,NULL,NULL,NULL,NULL
05,0505,050510,MALINAO,NULL,NULL,NULL,NULL,NULL,NULL
05,0505,050511,MANITO,NULL,NULL,NULL,NULL,NULL,NULL
05,0505,050512,OAS,NULL,NULL,NULL,NULL,NULL,NULL
05,0505,050513,PIO DURAN,NULL,NULL,NULL,NULL,NULL,NULL
05,0505,050514,POLANGUI,NULL,NULL,NULL,NULL,NULL,NULL
05,0505,050515,RAPU-RAPU,NULL,NULL,NULL,NULL,NULL,NULL
05,0505,050516,SANTO DOMINGO (LIBOG),NULL,NULL,NULL,NULL,NULL,NULL
05,0505,050517,CITY OF TABACO,NULL,NULL,NULL,NULL,NULL,NULL
05,0505,050518,TIWI,NULL,NULL,NULL,NULL,NULL,NULL
05,0516,051601,BASUD,NULL,NULL,NULL,NULL,NULL,NULL
05,0516,051602,CAPALONGA,NULL,NULL,NULL,NULL,NULL,NULL
05,0516,051603,DAET (Capital),NULL,NULL,NULL,NULL,NULL,NULL
05,0516,051604,SAN LORENZO RUIZ (IMELDA),NULL,NULL,NULL,NULL,NULL,NULL
05,0516,051605,JOSE PANGANIBAN,NULL,NULL,NULL,NULL,NULL,NULL
05,0516,051606,LABO,NULL,NULL,NULL,NULL,NULL,NULL
05,0516,051607,MERCEDES,NULL,NULL,NULL,NULL,NULL,NULL
05,0516,051608,PARACALE,NULL,NULL,NULL,NULL,NULL,NULL
05,0516,051609,SAN VICENTE,NULL,NULL,NULL,NULL,NULL,NULL
05,0516,051610,SANTA ELENA,NULL,NULL,NULL,NULL,NULL,NULL
05,0516,051611,TALISAY,NULL,NULL,NULL,NULL,NULL,NULL
05,0516,051612,VINZONS,NULL,NULL,NULL,NULL,NULL,NULL
05,0517,051701,BAAO,NULL,NULL,NULL,NULL,NULL,NULL
05,0517,051702,BALATAN,NULL,NULL,NULL,NULL,NULL,NULL
05,0517,051703,BATO,NULL,NULL,NULL,NULL,NULL,NULL
05,0517,051704,BOMBON,NULL,NULL,NULL,NULL,NULL,NULL
05,0517,051705,BUHI,NULL,NULL,NULL,NULL,NULL,NULL
05,0517,051706,BULA,NULL,NULL,NULL,NULL,NULL,NULL
05,0517,051707,CABUSAO,NULL,NULL,NULL,NULL,NULL,NULL
05,0517,051708,CALABANGA,NULL,NULL,NULL,NULL,NULL,NULL
05,0517,051709,CAMALIGAN,NULL,NULL,NULL,NULL,NULL,NULL
05,0517,051710,CANAMAN,NULL,NULL,NULL,NULL,NULL,NULL
05,0517,051711,CARAMOAN,NULL,NULL,NULL,NULL,NULL,NULL
05,0517,051712,DEL GALLEGO,NULL,NULL,NULL,NULL,NULL,NULL
05,0517,051713,GAINZA,NULL,NULL,NULL,NULL,NULL,NULL
05,0517,051714,GARCHITORENA,NULL,NULL,NULL,NULL,NULL,NULL
05,0517,051715,GOA,NULL,NULL,NULL,NULL,NULL,NULL
05,0517,051716,IRIGA CITY,NULL,NULL,NULL,NULL,NULL,NULL
05,0517,051717,LAGONOY,NULL,NULL,NULL,NULL,NULL,NULL
05,0517,051718,LIBMANAN,NULL,NULL,NULL,NULL,NULL,NULL
05,0517,051719,LUPI,NULL,NULL,NULL,NULL,NULL,NULL
05,0517,051720,MAGARAO,NULL,NULL,NULL,NULL,NULL,NULL
05,0517,051721,MILAOR,NULL,NULL,NULL,NULL,NULL,NULL
05,0517,051722,MINALABAC,NULL,NULL,NULL,NULL,NULL,NULL
05,0517,051723,NABUA,NULL,NULL,NULL,NULL,NULL,NULL
05,0517,051724,NAGA CITY,NULL,NULL,NULL,NULL,NULL,NULL
05,0517,051725,OCAMPO,NULL,NULL,NULL,NULL,NULL,NULL
05,0517,051726,PAMPLONA,NULL,NULL,NULL,NULL,NULL,NULL
05,0517,051727,PASACAO,NULL,NULL,NULL,NULL,NULL,NULL
05,0517,051728,PILI (Capital),NULL,NULL,NULL,NULL,NULL,NULL
05,0517,051729,PRESENTACION (PARUBCAN),NULL,NULL,NULL,NULL,NULL,NULL
05,0517,051730,RAGAY,NULL,NULL,NULL,NULL,NULL,NULL
05,0517,051731,SAGAY,NULL,NULL,NULL,NULL,NULL,NULL
05,0517,051732,SAN FERNANDO,NULL,NULL,NULL,NULL,NULL,NULL
05,0517,051733,SAN JOSE,NULL,NULL,NULL,NULL,NULL,NULL
05,0517,051734,SIPOCOT,NULL,NULL,NULL,NULL,NULL,NULL
05,0517,051735,SIRUMA,NULL,NULL,NULL,NULL,NULL,NULL
05,0517,051736,TIGAON,NULL,NULL,NULL,NULL,NULL,NULL
05,0517,051737,TINAMBAC,NULL,NULL,NULL,NULL,NULL,NULL
05,0520,052001,BAGAMANOC,NULL,NULL,NULL,NULL,NULL,NULL
05,0520,052002,BARAS,NULL,NULL,NULL,NULL,NULL,NULL
05,0520,052003,BATO,NULL,NULL,NULL,NULL,NULL,NULL
05,0520,052004,CARAMORAN,NULL,NULL,NULL,NULL,NULL,NULL
05,0520,052005,GIGMOTO,NULL,NULL,NULL,NULL,NULL,NULL
05,0520,052006,PANDAN,NULL,NULL,NULL,NULL,NULL,NULL
05,0520,052007,PANGANIBAN (PAYO),NULL,NULL,NULL,NULL,NULL,NULL
05,0520,052008,SAN ANDRES (CALOLBON),NULL,NULL,NULL,NULL,NULL,NULL
05,0520,052009,SAN MIGUEL,NULL,NULL,NULL,NULL,NULL,NULL
05,0520,052010,VIGA,NULL,NULL,NULL,NULL,NULL,NULL
05,0520,052011,VIRAC (Capital),NULL,NULL,NULL,NULL,NULL,NULL
05,0541,054101,AROROY,NULL,NULL,NULL,NULL,NULL,NULL
05,0541,054102,BALENO,NULL,NULL,NULL,NULL,NULL,NULL
05,0541,054103,BALUD,NULL,NULL,NULL,NULL,NULL,NULL
05,0541,054104,BATUAN,NULL,NULL,NULL,NULL,NULL,NULL
05,0541,054105,CATAINGAN,NULL,NULL,NULL,NULL,NULL,NULL
05,0541,054106,CAWAYAN,NULL,NULL,NULL,NULL,NULL,NULL
05,0541,054107,CLAVERIA,NULL,NULL,NULL,NULL,NULL,NULL
05,0541,054108,DIMASALANG,NULL,NULL,NULL,NULL,NULL,NULL
05,0541,054109,ESPERANZA,NULL,NULL,NULL,NULL,NULL,NULL
05,0541,054110,MANDAON,NULL,NULL,NULL,NULL,NULL,NULL
05,0541,054111,CITY OF MASBATE (Capital),NULL,NULL,NULL,NULL,NULL,NULL
05,0541,054112,MILAGROS,NULL,NULL,NULL,NULL,NULL,NULL
05,0541,054113,MOBO,NULL,NULL,NULL,NULL,NULL,NULL
05,0541,054114,MONREAL,NULL,NULL,NULL,NULL,NULL,NULL
05,0541,054115,PALANAS,NULL,NULL,NULL,NULL,NULL,NULL
05,0541,054116,PIO V. CORPUZ (LIMBUHAN),NULL,NULL,NULL,NULL,NULL,NULL
05,0541,054117,PLACER,NULL,NULL,NULL,NULL,NULL,NULL
05,0541,054118,SAN FERNANDO,NULL,NULL,NULL,NULL,NULL,NULL
05,0541,054119,SAN JACINTO,NULL,NULL,NULL,NULL,NULL,NULL
05,0541,054120,SAN PASCUAL,NULL,NULL,NULL,NULL,NULL,NULL
05,0541,054121,USON,NULL,NULL,NULL,NULL,NULL,NULL
05,0562,056202,BARCELONA,NULL,NULL,NULL,NULL,NULL,NULL
05,0562,056203,BULAN,NULL,NULL,NULL,NULL,NULL,NULL
05,0562,056204,BULUSAN,NULL,NULL,NULL,NULL,NULL,NULL
05,0562,056205,CASIGURAN,NULL,NULL,NULL,NULL,NULL,NULL
05,0562,056206,CASTILLA,NULL,NULL,NULL,NULL,NULL,NULL
05,0562,056207,DONSOL,NULL,NULL,NULL,NULL,NULL,NULL
05,0562,056208,GUBAT,NULL,NULL,NULL,NULL,NULL,NULL
05,0562,056209,IROSIN,NULL,NULL,NULL,NULL,NULL,NULL
05,0562,056210,JUBAN,NULL,NULL,NULL,NULL,NULL,NULL
05,0562,056211,MAGALLANES (34 BRGYS),NULL,NULL,NULL,NULL,NULL,NULL
05,0562,056212,MATNOG,NULL,NULL,NULL,NULL,NULL,NULL
05,0562,056213,PILAR,NULL,NULL,NULL,NULL,NULL,NULL
05,0562,056214,PRIETO DIAZ,NULL,NULL,NULL,NULL,NULL,NULL
05,0562,056215,SANTA MAGDALENA,NULL,NULL,NULL,NULL,NULL,NULL
05,0562,056216,CITY OF SORSOGON (Capital),NULL,NULL,NULL,NULL,NULL,NULL
06,0604,060401,ALTAVAS,NULL,NULL,NULL,NULL,NULL,NULL
06,0604,060402,BALETE,NULL,NULL,NULL,NULL,NULL,NULL
06,0604,060403,BANGA,NULL,NULL,NULL,NULL,NULL,NULL
06,0604,060404,BATAN,NULL,NULL,NULL,NULL,NULL,NULL
06,0604,060405,BURUANGA,NULL,NULL,NULL,NULL,NULL,NULL
06,0604,060406,IBAJAY,NULL,NULL,NULL,NULL,NULL,NULL
06,0604,060407,KALIBO (Capital),NULL,NULL,NULL,NULL,NULL,NULL
06,0604,060408,LEZO,NULL,NULL,NULL,NULL,NULL,NULL
06,0604,060409,LIBACAO,NULL,NULL,NULL,NULL,NULL,NULL
06,0604,060410,MADALAG,NULL,NULL,NULL,NULL,NULL,NULL
06,0604,060411,MAKATO,NULL,NULL,NULL,NULL,NULL,NULL
06,0604,060412,MALAY,NULL,NULL,NULL,NULL,NULL,NULL
06,0604,060413,MALINAO,NULL,NULL,NULL,NULL,NULL,NULL
06,0604,060414,NABAS,NULL,NULL,NULL,NULL,NULL,NULL
06,0604,060415,NEW WASHINGTON,NULL,NULL,NULL,NULL,NULL,NULL
06,0604,060416,NUMANCIA,NULL,NULL,NULL,NULL,NULL,NULL
06,0604,060417,TANGALAN,NULL,NULL,NULL,NULL,NULL,NULL
06,0606,060601,ANINI-Y,NULL,NULL,NULL,NULL,NULL,NULL
06,0606,060602,BARBAZA,NULL,NULL,NULL,NULL,NULL,NULL
06,0606,060603,BELISON,NULL,NULL,NULL,NULL,NULL,NULL
06,0606,060604,BUGASONG,NULL,NULL,NULL,NULL,NULL,NULL
06,0606,060605,CALUYA,NULL,NULL,NULL,NULL,NULL,NULL
06,0606,060606,CULASI,NULL,NULL,NULL,NULL,NULL,NULL
06,0606,060607,TOBIAS FORNIER (DAO),NULL,NULL,NULL,NULL,NULL,NULL
06,0606,060608,HAMTIC,NULL,NULL,NULL,NULL,NULL,NULL
06,0606,060609,LAUA-AN,NULL,NULL,NULL,NULL,NULL,NULL
06,0606,060610,LIBERTAD,NULL,NULL,NULL,NULL,NULL,NULL
06,0606,060611,PANDAN,NULL,NULL,NULL,NULL,NULL,NULL
06,0606,060612,PATNONGON,NULL,NULL,NULL,NULL,NULL,NULL
06,0606,060613,SAN JOSE (Capital),NULL,NULL,NULL,NULL,NULL,NULL
06,0606,060614,SAN REMIGIO,NULL,NULL,NULL,NULL,NULL,NULL
06,0606,060615,SEBASTE,NULL,NULL,NULL,NULL,NULL,NULL
06,0606,060616,SIBALOM,NULL,NULL,NULL,NULL,NULL,NULL
06,0606,060617,TIBIAO,NULL,NULL,NULL,NULL,NULL,NULL
06,0606,060618,VALDERRAMA,NULL,NULL,NULL,NULL,NULL,NULL
06,0619,061901,CUARTERO,NULL,NULL,NULL,NULL,NULL,NULL
06,0619,061902,DAO,NULL,NULL,NULL,NULL,NULL,NULL
06,0619,061903,DUMALAG,NULL,NULL,NULL,NULL,NULL,NULL
06,0619,061904,DUMARAO,NULL,NULL,NULL,NULL,NULL,NULL
06,0619,061905,IVISAN,NULL,NULL,NULL,NULL,NULL,NULL
06,0619,061906,JAMINDAN,NULL,NULL,NULL,NULL,NULL,NULL
06,0619,061907,MA-AYON,NULL,NULL,NULL,NULL,NULL,NULL
06,0619,061908,MAMBUSAO,NULL,NULL,NULL,NULL,NULL,NULL
06,0619,061909,PANAY,NULL,NULL,NULL,NULL,NULL,NULL
06,0619,061910,PANITAN,NULL,NULL,NULL,NULL,NULL,NULL
06,0619,061911,PILAR,NULL,NULL,NULL,NULL,NULL,NULL
06,0619,061912,PONTEVEDRA,NULL,NULL,NULL,NULL,NULL,NULL
06,0619,061913,PRESIDENT ROXAS,NULL,NULL,NULL,NULL,NULL,NULL
06,0619,061914,ROXAS CITY (Capital),NULL,NULL,NULL,NULL,NULL,NULL
06,0619,061915,SAPI-AN,NULL,NULL,NULL,NULL,NULL,NULL
06,0619,061916,SIGMA,NULL,NULL,NULL,NULL,NULL,NULL
06,0619,061917,TAPAZ,NULL,NULL,NULL,NULL,NULL,NULL
06,0630,063001,AJUY,NULL,NULL,NULL,NULL,NULL,NULL
06,0630,063002,ALIMODIAN,NULL,NULL,NULL,NULL,NULL,NULL
06,0630,063003,ANILAO,NULL,NULL,NULL,NULL,NULL,NULL
06,0630,063004,BADIANGAN,NULL,NULL,NULL,NULL,NULL,NULL
06,0630,063005,BALASAN,NULL,NULL,NULL,NULL,NULL,NULL
06,0630,063006,BANATE,NULL,NULL,NULL,NULL,NULL,NULL
06,0630,063007,BAROTAC NUEVO,NULL,NULL,NULL,NULL,NULL,NULL
06,0630,063008,BAROTAC VIEJO,NULL,NULL,NULL,NULL,NULL,NULL
06,0630,063009,BATAD,NULL,NULL,NULL,NULL,NULL,NULL
06,0630,063010,BINGAWAN,NULL,NULL,NULL,NULL,NULL,NULL
06,0630,063012,CABATUAN,NULL,NULL,NULL,NULL,NULL,NULL
06,0630,063013,CALINOG,NULL,NULL,NULL,NULL,NULL,NULL
06,0630,063014,CARLES,NULL,NULL,NULL,NULL,NULL,NULL
06,0630,063015,CONCEPCION,NULL,NULL,NULL,NULL,NULL,NULL
06,0630,063016,DINGLE,NULL,NULL,NULL,NULL,NULL,NULL
06,0630,063017,DUEAS,NULL,NULL,NULL,NULL,NULL,NULL
06,0630,063018,DUMANGAS,NULL,NULL,NULL,NULL,NULL,NULL
06,0630,063019,ESTANCIA,NULL,NULL,NULL,NULL,NULL,NULL
06,0630,063020,GUIMBAL,NULL,NULL,NULL,NULL,NULL,NULL
06,0630,063021,IGBARAS,NULL,NULL,NULL,NULL,NULL,NULL
06,0630,063022,ILOILO CITY (Capital),NULL,NULL,NULL,NULL,NULL,NULL
06,0630,063023,JANIUAY,NULL,NULL,NULL,NULL,NULL,NULL
06,0630,063025,LAMBUNAO,NULL,NULL,NULL,NULL,NULL,NULL
06,0630,063026,LEGANES,NULL,NULL,NULL,NULL,NULL,NULL
06,0630,063027,LEMERY,NULL,NULL,NULL,NULL,NULL,NULL
06,0630,063028,LEON,NULL,NULL,NULL,NULL,NULL,NULL
06,0630,063029,MAASIN,NULL,NULL,NULL,NULL,NULL,NULL
06,0630,063030,MIAGAO,NULL,NULL,NULL,NULL,NULL,NULL
06,0630,063031,MINA,NULL,NULL,NULL,NULL,NULL,NULL
06,0630,063032,NEW LUCENA,NULL,NULL,NULL,NULL,NULL,NULL
06,0630,063034,OTON,NULL,NULL,NULL,NULL,NULL,NULL
06,0630,063035,CITY OF PASSI,NULL,NULL,NULL,NULL,NULL,NULL
06,0630,063036,PAVIA,NULL,NULL,NULL,NULL,NULL,NULL
06,0630,063037,POTOTAN,NULL,NULL,NULL,NULL,NULL,NULL
06,0630,063038,SAN DIONISIO,NULL,NULL,NULL,NULL,NULL,NULL
06,0630,063039,SAN ENRIQUE,NULL,NULL,NULL,NULL,NULL,NULL
06,0630,063040,SAN JOAQUIN,NULL,NULL,NULL,NULL,NULL,NULL
06,0630,063041,SAN MIGUEL,NULL,NULL,NULL,NULL,NULL,NULL
06,0630,063042,SAN RAFAEL,NULL,NULL,NULL,NULL,NULL,NULL
06,0630,063043,SANTA BARBARA,NULL,NULL,NULL,NULL,NULL,NULL
06,0630,063044,SARA,NULL,NULL,NULL,NULL,NULL,NULL
06,0630,063045,TIGBAUAN,NULL,NULL,NULL,NULL,NULL,NULL
06,0630,063046,TUBUNGAN,NULL,NULL,NULL,NULL,NULL,NULL
06,0630,063047,ZARRAGA,NULL,NULL,NULL,NULL,NULL,NULL
06,0645,064501,BACOLOD CITY (Capital),NULL,NULL,NULL,NULL,NULL,NULL
06,0645,064502,BAGO CITY,NULL,NULL,NULL,NULL,NULL,NULL
06,0645,064503,BINALBAGAN,NULL,NULL,NULL,NULL,NULL,NULL
06,0645,064504,CADIZ CITY,NULL,NULL,NULL,NULL,NULL,NULL
06,0645,064505,CALATRAVA,NULL,NULL,NULL,NULL,NULL,NULL
06,0645,064506,CANDONI,NULL,NULL,NULL,NULL,NULL,NULL
06,0645,064507,CAUAYAN,NULL,NULL,NULL,NULL,NULL,NULL
06,0645,064508,ENRIQUE B. MAGALONA (SARAVIA),NULL,NULL,NULL,NULL,NULL,NULL
06,0645,064509,CITY OF ESCALANTE,NULL,NULL,NULL,NULL,NULL,NULL
06,0645,064510,CITY OF HIMAMAYLAN,NULL,NULL,NULL,NULL,NULL,NULL
06,0645,064511,HINIGARAN,NULL,NULL,NULL,NULL,NULL,NULL
06,0645,064512,HINOBA-AN (ASIA),NULL,NULL,NULL,NULL,NULL,NULL
06,0645,064513,ILOG,NULL,NULL,NULL,NULL,NULL,NULL
06,0645,064514,ISABELA,NULL,NULL,NULL,NULL,NULL,NULL
06,0645,064515,CITY OF KABANKALAN,NULL,NULL,NULL,NULL,NULL,NULL
06,0645,064516,LA CARLOTA CITY,NULL,NULL,NULL,NULL,NULL,NULL
06,0645,064517,LA CASTELLANA,NULL,NULL,NULL,NULL,NULL,NULL
06,0645,064518,MANAPLA,NULL,NULL,NULL,NULL,NULL,NULL
06,0645,064519,MOISES PADILLA (MAGALLON),NULL,NULL,NULL,NULL,NULL,NULL
06,0645,064520,MURCIA,NULL,NULL,NULL,NULL,NULL,NULL
06,0645,064521,PONTEVEDRA,NULL,NULL,NULL,NULL,NULL,NULL
06,0645,064522,PULUPANDAN,NULL,NULL,NULL,NULL,NULL,NULL
06,0645,064523,SAGAY CITY,NULL,NULL,NULL,NULL,NULL,NULL
06,0645,064524,SAN CARLOS CITY,NULL,NULL,NULL,NULL,NULL,NULL
06,0645,064525,SAN ENRIQUE,NULL,NULL,NULL,NULL,NULL,NULL
06,0645,064526,SILAY CITY,NULL,NULL,NULL,NULL,NULL,NULL
06,0645,064527,CITY OF SIPALAY,NULL,NULL,NULL,NULL,NULL,NULL
06,0645,064528,CITY OF TALISAY,NULL,NULL,NULL,NULL,NULL,NULL
06,0645,064529,TOBOSO,NULL,NULL,NULL,NULL,NULL,NULL
06,0645,064530,VALLADOLID,NULL,NULL,NULL,NULL,NULL,NULL
06,0645,064531,CITY OF VICTORIAS,NULL,NULL,NULL,NULL,NULL,NULL
06,0645,064532,SALVADOR BENEDICTO,NULL,NULL,NULL,NULL,NULL,NULL
06,0679,067901,BUENAVISTA,NULL,NULL,NULL,NULL,NULL,NULL
06,0679,067902,JORDAN (Capital),NULL,NULL,NULL,NULL,NULL,NULL
06,0679,067903,NUEVA VALENCIA,NULL,NULL,NULL,NULL,NULL,NULL
06,0679,067904,SAN LORENZO,NULL,NULL,NULL,NULL,NULL,NULL
06,0679,067905,SIBUNAG,NULL,NULL,NULL,NULL,NULL,NULL
07,0712,071201,ALBURQUERQUE,NULL,NULL,NULL,NULL,NULL,NULL
07,0712,071202,ALICIA,NULL,NULL,NULL,NULL,NULL,NULL
07,0712,071203,ANDA,NULL,NULL,NULL,NULL,NULL,NULL
07,0712,071204,ANTEQUERA,NULL,NULL,NULL,NULL,NULL,NULL
07,0712,071205,BACLAYON,NULL,NULL,NULL,NULL,NULL,NULL
07,0712,071206,BALILIHAN,NULL,NULL,NULL,NULL,NULL,NULL
07,0712,071207,BATUAN,NULL,NULL,NULL,NULL,NULL,NULL
07,0712,071208,BILAR,NULL,NULL,NULL,NULL,NULL,NULL
07,0712,071209,BUENAVISTA,NULL,NULL,NULL,NULL,NULL,NULL
07,0712,071210,CALAPE,NULL,NULL,NULL,NULL,NULL,NULL
07,0712,071211,CANDIJAY,NULL,NULL,NULL,NULL,NULL,NULL
07,0712,071212,CARMEN,NULL,NULL,NULL,NULL,NULL,NULL
07,0712,071213,CATIGBIAN,NULL,NULL,NULL,NULL,NULL,NULL
07,0712,071214,CLARIN,NULL,NULL,NULL,NULL,NULL,NULL
07,0712,071215,CORELLA,NULL,NULL,NULL,NULL,NULL,NULL
07,0712,071216,CORTES,NULL,NULL,NULL,NULL,NULL,NULL
07,0712,071217,DAGOHOY,NULL,NULL,NULL,NULL,NULL,NULL
07,0712,071218,DANAO,NULL,NULL,NULL,NULL,NULL,NULL
07,0712,071219,DAUIS,NULL,NULL,NULL,NULL,NULL,NULL
07,0712,071220,DIMIAO,NULL,NULL,NULL,NULL,NULL,NULL
07,0712,071221,DUERO,NULL,NULL,NULL,NULL,NULL,NULL
07,0712,071222,GARCIA HERNANDEZ,NULL,NULL,NULL,NULL,NULL,NULL
07,0712,071223,GUINDULMAN,NULL,NULL,NULL,NULL,NULL,NULL
07,0712,071224,INABANGA,NULL,NULL,NULL,NULL,NULL,NULL
07,0712,071225,JAGNA,NULL,NULL,NULL,NULL,NULL,NULL
07,0712,071226,JETAFE,NULL,NULL,NULL,NULL,NULL,NULL
07,0712,071227,LILA,NULL,NULL,NULL,NULL,NULL,NULL
07,0712,071228,LOAY,NULL,NULL,NULL,NULL,NULL,NULL
07,0712,071229,LOBOC,NULL,NULL,NULL,NULL,NULL,NULL
07,0712,071230,LOON,NULL,NULL,NULL,NULL,NULL,NULL
07,0712,071231,MABINI,NULL,NULL,NULL,NULL,NULL,NULL
07,0712,071232,MARIBOJOC,NULL,NULL,NULL,NULL,NULL,NULL
07,0712,071233,PANGLAO,NULL,NULL,NULL,NULL,NULL,NULL
07,0712,071234,PILAR,NULL,NULL,NULL,NULL,NULL,NULL
07,0712,071235,PRES. CARLOS P. GARCIA (PITOGO),NULL,NULL,NULL,NULL,NULL,NULL
07,0712,071236,SAGBAYAN (BORJA),NULL,NULL,NULL,NULL,NULL,NULL
07,0712,071237,SAN ISIDRO,NULL,NULL,NULL,NULL,NULL,NULL
07,0712,071238,SAN MIGUEL,NULL,NULL,NULL,NULL,NULL,NULL
07,0712,071239,SEVILLA,NULL,NULL,NULL,NULL,NULL,NULL
07,0712,071240,SIERRA BULLONES,NULL,NULL,NULL,NULL,NULL,NULL
07,0712,071241,SIKATUNA,NULL,NULL,NULL,NULL,NULL,NULL
07,0712,071242,TAGBILARAN CITY (Capital),NULL,NULL,NULL,NULL,NULL,NULL
07,0712,071243,TALIBON,NULL,NULL,NULL,NULL,NULL,NULL
07,0712,071244,TRINIDAD,NULL,NULL,NULL,NULL,NULL,NULL
07,0712,071245,TUBIGON,NULL,NULL,NULL,NULL,NULL,NULL
07,0712,071246,UBAY,NULL,NULL,NULL,NULL,NULL,NULL
07,0712,071247,VALENCIA,NULL,NULL,NULL,NULL,NULL,NULL
07,0712,071248,BIEN UNIDO,NULL,NULL,NULL,NULL,NULL,NULL
07,0722,072201,ALCANTARA,NULL,NULL,NULL,NULL,NULL,NULL
07,0722,072202,ALCOY,NULL,NULL,NULL,NULL,NULL,NULL
07,0722,072203,ALEGRIA,NULL,NULL,NULL,NULL,NULL,NULL
07,0722,072204,ALOGUINSAN,NULL,NULL,NULL,NULL,NULL,NULL
07,0722,072205,ARGAO,NULL,NULL,NULL,NULL,NULL,NULL
07,0722,072206,ASTURIAS,NULL,NULL,NULL,NULL,NULL,NULL
07,0722,072207,BADIAN,NULL,NULL,NULL,NULL,NULL,NULL
07,0722,072208,BALAMBAN,NULL,NULL,NULL,NULL,NULL,NULL
07,0722,072209,BANTAYAN,NULL,NULL,NULL,NULL,NULL,NULL
07,0722,072210,BARILI,NULL,NULL,NULL,NULL,NULL,NULL
07,0722,072211,BOGO,NULL,NULL,NULL,NULL,NULL,NULL
07,0722,072212,BOLJOON,NULL,NULL,NULL,NULL,NULL,NULL
07,0722,072213,BORBON,NULL,NULL,NULL,NULL,NULL,NULL
07,0722,072214,CARCAR,NULL,NULL,NULL,NULL,NULL,NULL
07,0722,072215,CARMEN,NULL,NULL,NULL,NULL,NULL,NULL
07,0722,072216,CATMON,NULL,NULL,NULL,NULL,NULL,NULL
07,0722,072217,CEBU CITY (Capital),NULL,NULL,NULL,NULL,NULL,NULL
07,0722,072218,COMPOSTELA,NULL,NULL,NULL,NULL,NULL,NULL
07,0722,072219,CONSOLACION,NULL,NULL,NULL,NULL,NULL,NULL
07,0722,072220,CORDOBA,NULL,NULL,NULL,NULL,NULL,NULL
07,0722,072221,DAANBANTAYAN,NULL,NULL,NULL,NULL,NULL,NULL
07,0722,072222,DALAGUETE,NULL,NULL,NULL,NULL,NULL,NULL
07,0722,072223,DANAO CITY,NULL,NULL,NULL,NULL,NULL,NULL
07,0722,072224,DUMANJUG,NULL,NULL,NULL,NULL,NULL,NULL
07,0722,072225,GINATILAN,NULL,NULL,NULL,NULL,NULL,NULL
07,0722,072226,LAPU-LAPU CITY (OPON),NULL,NULL,NULL,NULL,NULL,NULL
07,0722,072227,LILOAN,NULL,NULL,NULL,NULL,NULL,NULL
07,0722,072228,MADRIDEJOS,NULL,NULL,NULL,NULL,NULL,NULL
07,0722,072229,MALABUYOC,NULL,NULL,NULL,NULL,NULL,NULL
07,0722,072230,MANDAUE CITY,NULL,NULL,NULL,NULL,NULL,NULL
07,0722,072231,MEDELLIN,NULL,NULL,NULL,NULL,NULL,NULL
07,0722,072232,MINGLANILLA,NULL,NULL,NULL,NULL,NULL,NULL
07,0722,072233,MOALBOAL,NULL,NULL,NULL,NULL,NULL,NULL
07,0722,072234,NAGA,NULL,NULL,NULL,NULL,NULL,NULL
07,0722,072235,OSLOB,NULL,NULL,NULL,NULL,NULL,NULL
07,0722,072236,PILAR,NULL,NULL,NULL,NULL,NULL,NULL
07,0722,072237,PINAMUNGAHAN,NULL,NULL,NULL,NULL,NULL,NULL
07,0722,072238,PORO,NULL,NULL,NULL,NULL,NULL,NULL
07,0722,072239,RONDA,NULL,NULL,NULL,NULL,NULL,NULL
07,0722,072240,SAMBOAN,NULL,NULL,NULL,NULL,NULL,NULL
07,0722,072241,SAN FERNANDO,NULL,NULL,NULL,NULL,NULL,NULL
07,0722,072242,SAN FRANCISCO,NULL,NULL,NULL,NULL,NULL,NULL
07,0722,072243,SAN REMIGIO,NULL,NULL,NULL,NULL,NULL,NULL
07,0722,072244,SANTA FE,NULL,NULL,NULL,NULL,NULL,NULL
07,0722,072245,SANTANDER,NULL,NULL,NULL,NULL,NULL,NULL
07,0722,072246,SIBONGA,NULL,NULL,NULL,NULL,NULL,NULL
07,0722,072247,SOGOD,NULL,NULL,NULL,NULL,NULL,NULL
07,0722,072248,TABOGON,NULL,NULL,NULL,NULL,NULL,NULL
07,0722,072249,TABUELAN,NULL,NULL,NULL,NULL,NULL,NULL
07,0722,072250,CITY OF TALISAY,NULL,NULL,NULL,NULL,NULL,NULL
07,0722,072251,TOLEDO CITY,NULL,NULL,NULL,NULL,NULL,NULL
07,0722,072252,TUBURAN,NULL,NULL,NULL,NULL,NULL,NULL
07,0722,072253,TUDELA,NULL,NULL,NULL,NULL,NULL,NULL
07,0746,074601,AMLAN (AYUQUITAN),NULL,NULL,NULL,NULL,NULL,NULL
07,0746,074602,AYUNGON,NULL,NULL,NULL,NULL,NULL,NULL
07,0746,074603,BACONG,NULL,NULL,NULL,NULL,NULL,NULL
07,0746,074604,BAIS CITY,NULL,NULL,NULL,NULL,NULL,NULL
07,0746,074605,BASAY,NULL,NULL,NULL,NULL,NULL,NULL
07,0746,074606,CITY OF BAYAWAN (TULONG),NULL,NULL,NULL,NULL,NULL,NULL
07,0746,074607,BINDOY (PAYABON),NULL,NULL,NULL,NULL,NULL,NULL
07,0746,074608,CANLAON CITY,NULL,NULL,NULL,NULL,NULL,NULL
07,0746,074609,DAUIN,NULL,NULL,NULL,NULL,NULL,NULL
07,0746,074610,DUMAGUETE CITY (Capital),NULL,NULL,NULL,NULL,NULL,NULL
07,0746,074611,GUIHULNGAN,NULL,NULL,NULL,NULL,NULL,NULL
07,0746,074612,JIMALALUD,NULL,NULL,NULL,NULL,NULL,NULL
07,0746,074613,LA LIBERTAD,NULL,NULL,NULL,NULL,NULL,NULL
07,0746,074614,MABINAY,NULL,NULL,NULL,NULL,NULL,NULL
07,0746,074615,MANJUYOD,NULL,NULL,NULL,NULL,NULL,NULL
07,0746,074616,PAMPLONA,NULL,NULL,NULL,NULL,NULL,NULL
07,0746,074617,SAN JOSE,NULL,NULL,NULL,NULL,NULL,NULL
07,0746,074618,SANTA CATALINA,NULL,NULL,NULL,NULL,NULL,NULL
07,0746,074619,SIATON,NULL,NULL,NULL,NULL,NULL,NULL
07,0746,074620,SIBULAN,NULL,NULL,NULL,NULL,NULL,NULL
07,0746,074621,CITY OF TANJAY,NULL,NULL,NULL,NULL,NULL,NULL
07,0746,074622,TAYASAN,NULL,NULL,NULL,NULL,NULL,NULL
07,0746,074623,VALENCIA (LUZURRIAGA),NULL,NULL,NULL,NULL,NULL,NULL
07,0746,074624,VALLEHERMOSO,NULL,NULL,NULL,NULL,NULL,NULL
07,0746,074625,ZAMBOANGUITA,NULL,NULL,NULL,NULL,NULL,NULL
07,0761,076101,ENRIQUE VILLANUEVA,NULL,NULL,NULL,NULL,NULL,NULL
07,0761,076102,LARENA,NULL,NULL,NULL,NULL,NULL,NULL
07,0761,076103,LAZI,NULL,NULL,NULL,NULL,NULL,NULL
07,0761,076104,MARIA,NULL,NULL,NULL,NULL,NULL,NULL
07,0761,076105,SAN JUAN,NULL,NULL,NULL,NULL,NULL,NULL
07,0761,076106,SIQUIJOR (Capital),NULL,NULL,NULL,NULL,NULL,NULL
08,0826,082601,ARTECHE,NULL,NULL,NULL,NULL,NULL,NULL
08,0826,082602,BALANGIGA,NULL,NULL,NULL,NULL,NULL,NULL
08,0826,082603,BALANGKAYAN,NULL,NULL,NULL,NULL,NULL,NULL
08,0826,082604,BORONGAN (Capital),NULL,NULL,NULL,NULL,NULL,NULL
08,0826,082605,CAN-AVID,NULL,NULL,NULL,NULL,NULL,NULL
08,0826,082606,DOLORES,NULL,NULL,NULL,NULL,NULL,NULL
08,0826,082607,GENERAL MACARTHUR,NULL,NULL,NULL,NULL,NULL,NULL
08,0826,082608,GIPORLOS,NULL,NULL,NULL,NULL,NULL,NULL
08,0826,082609,GUIUAN,NULL,NULL,NULL,NULL,NULL,NULL
08,0826,082610,HERNANI,NULL,NULL,NULL,NULL,NULL,NULL
08,0826,082611,JIPAPAD,NULL,NULL,NULL,NULL,NULL,NULL
08,0826,082612,LAWAAN,NULL,NULL,NULL,NULL,NULL,NULL
08,0826,082613,LLORENTE,NULL,NULL,NULL,NULL,NULL,NULL
08,0826,082614,MASLOG,NULL,NULL,NULL,NULL,NULL,NULL
08,0826,082615,MAYDOLONG,NULL,NULL,NULL,NULL,NULL,NULL
08,0826,082616,MERCEDES,NULL,NULL,NULL,NULL,NULL,NULL
08,0826,082617,ORAS,NULL,NULL,NULL,NULL,NULL,NULL
08,0826,082618,QUINAPONDAN,NULL,NULL,NULL,NULL,NULL,NULL
08,0826,082619,SALCEDO,NULL,NULL,NULL,NULL,NULL,NULL
08,0826,082620,SAN JULIAN,NULL,NULL,NULL,NULL,NULL,NULL
08,0826,082621,SAN POLICARPO,NULL,NULL,NULL,NULL,NULL,NULL
08,0826,082622,SULAT,NULL,NULL,NULL,NULL,NULL,NULL
08,0826,082623,TAFT,NULL,NULL,NULL,NULL,NULL,NULL
08,0837,083701,ABUYOG,NULL,NULL,NULL,NULL,NULL,NULL
08,0837,083702,ALANGALANG,NULL,NULL,NULL,NULL,NULL,NULL
08,0837,083703,ALBUERA,NULL,NULL,NULL,NULL,NULL,NULL
08,0837,083705,BABATNGON,NULL,NULL,NULL,NULL,NULL,NULL
08,0837,083706,BARUGO,NULL,NULL,NULL,NULL,NULL,NULL
08,0837,083707,BATO,NULL,NULL,NULL,NULL,NULL,NULL
08,0837,083708,BAYBAY,NULL,NULL,NULL,NULL,NULL,NULL
08,0837,083710,BURAUEN,NULL,NULL,NULL,NULL,NULL,NULL
08,0837,083713,CALUBIAN,NULL,NULL,NULL,NULL,NULL,NULL
08,0837,083714,CAPOOCAN,NULL,NULL,NULL,NULL,NULL,NULL
08,0837,083715,CARIGARA,NULL,NULL,NULL,NULL,NULL,NULL
08,0837,083717,DAGAMI,NULL,NULL,NULL,NULL,NULL,NULL
08,0837,083718,DULAG,NULL,NULL,NULL,NULL,NULL,NULL
08,0837,083719,HILONGOS,NULL,NULL,NULL,NULL,NULL,NULL
08,0837,083720,HINDANG,NULL,NULL,NULL,NULL,NULL,NULL
08,0837,083721,INOPACAN,NULL,NULL,NULL,NULL,NULL,NULL
08,0837,083722,ISABEL,NULL,NULL,NULL,NULL,NULL,NULL
08,0837,083723,JARO,NULL,NULL,NULL,NULL,NULL,NULL
08,0837,083724,JAVIER (BUGHO),NULL,NULL,NULL,NULL,NULL,NULL
08,0837,083725,JULITA,NULL,NULL,NULL,NULL,NULL,NULL
08,0837,083726,KANANGA,NULL,NULL,NULL,NULL,NULL,NULL
08,0837,083728,LAPAZ,NULL,NULL,NULL,NULL,NULL,NULL
08,0837,083729,LEYTE,NULL,NULL,NULL,NULL,NULL,NULL
08,0837,083730,MACARTHUR,NULL,NULL,NULL,NULL,NULL,NULL
08,0837,083731,MAHAPLAG,NULL,NULL,NULL,NULL,NULL,NULL
08,0837,083733,MATAG-OB,NULL,NULL,NULL,NULL,NULL,NULL
08,0837,083734,MATALOM,NULL,NULL,NULL,NULL,NULL,NULL
08,0837,083735,MAYORGA,NULL,NULL,NULL,NULL,NULL,NULL
08,0837,083736,MERIDA,NULL,NULL,NULL,NULL,NULL,NULL
08,0837,083738,ORMOC CITY,NULL,NULL,NULL,NULL,NULL,NULL
08,0837,083739,PALO,NULL,NULL,NULL,NULL,NULL,NULL
08,0837,083740,PALOMPON,NULL,NULL,NULL,NULL,NULL,NULL
08,0837,083741,PASTRANA,NULL,NULL,NULL,NULL,NULL,NULL
08,0837,083742,SAN ISIDRO,NULL,NULL,NULL,NULL,NULL,NULL
08,0837,083743,SAN MIGUEL,NULL,NULL,NULL,NULL,NULL,NULL
08,0837,083744,SANTA FE,NULL,NULL,NULL,NULL,NULL,NULL
08,0837,083745,TABANGO,NULL,NULL,NULL,NULL,NULL,NULL
08,0837,083746,TABONTABON,NULL,NULL,NULL,NULL,NULL,NULL
08,0837,083747,TACLOBAN CITY (Capital),NULL,NULL,NULL,NULL,NULL,NULL
08,0837,083748,TANAUAN,NULL,NULL,NULL,NULL,NULL,NULL
08,0837,083749,TOLOSA,NULL,NULL,NULL,NULL,NULL,NULL
08,0837,083750,TUNGA,NULL,NULL,NULL,NULL,NULL,NULL
08,0837,083751,VILLABA,NULL,NULL,NULL,NULL,NULL,NULL
08,0848,084801,ALLEN,NULL,NULL,NULL,NULL,NULL,NULL
08,0848,084802,BIRI,NULL,NULL,NULL,NULL,NULL,NULL
08,0848,084803,BOBON,NULL,NULL,NULL,NULL,NULL,NULL
08,0848,084804,CAPUL,NULL,NULL,NULL,NULL,NULL,NULL
08,0848,084805,CATARMAN (Capital),NULL,NULL,NULL,NULL,NULL,NULL
08,0848,084806,CATUBIG,NULL,NULL,NULL,NULL,NULL,NULL
08,0848,084807,GAMAY,NULL,NULL,NULL,NULL,NULL,NULL
08,0848,084808,LAOANG,NULL,NULL,NULL,NULL,NULL,NULL
08,0848,084809,LAPINIG,NULL,NULL,NULL,NULL,NULL,NULL
08,0848,084810,LAS NAVAS,NULL,NULL,NULL,NULL,NULL,NULL
08,0848,084811,LAVEZARES,NULL,NULL,NULL,NULL,NULL,NULL
08,0848,084812,MAPANAS,NULL,NULL,NULL,NULL,NULL,NULL
08,0848,084813,MONDRAGON,NULL,NULL,NULL,NULL,NULL,NULL
08,0848,084814,PALAPAG,NULL,NULL,NULL,NULL,NULL,NULL
08,0848,084815,PAMBUJAN,NULL,NULL,NULL,NULL,NULL,NULL
08,0848,084816,ROSARIO,NULL,NULL,NULL,NULL,NULL,NULL
08,0848,084817,SAN ANTONIO,NULL,NULL,NULL,NULL,NULL,NULL
08,0848,084818,SAN ISIDRO,NULL,NULL,NULL,NULL,NULL,NULL
08,0848,084819,SAN JOSE,NULL,NULL,NULL,NULL,NULL,NULL
08,0848,084820,SAN ROQUE,NULL,NULL,NULL,NULL,NULL,NULL
08,0848,084821,SAN VICENTE,NULL,NULL,NULL,NULL,NULL,NULL
08,0848,084822,SILVINO LOBOS,NULL,NULL,NULL,NULL,NULL,NULL
08,0848,084823,VICTORIA,NULL,NULL,NULL,NULL,NULL,NULL
08,0848,084824,LOPE DE VEGA,NULL,NULL,NULL,NULL,NULL,NULL
08,0860,086001,ALMAGRO,NULL,NULL,NULL,NULL,NULL,NULL
08,0860,086002,BASEY,NULL,NULL,NULL,NULL,NULL,NULL
08,0860,086003,CALBAYOG CITY,NULL,NULL,NULL,NULL,NULL,NULL
08,0860,086004,CALBIGA,NULL,NULL,NULL,NULL,NULL,NULL
08,0860,086005,CATBALOGAN (Capital),NULL,NULL,NULL,NULL,NULL,NULL
08,0860,086006,DARAM,NULL,NULL,NULL,NULL,NULL,NULL
08,0860,086007,GANDARA,NULL,NULL,NULL,NULL,NULL,NULL
08,0860,086008,HINABANGAN,NULL,NULL,NULL,NULL,NULL,NULL
08,0860,086009,JIABONG,NULL,NULL,NULL,NULL,NULL,NULL
08,0860,086010,MARABUT,NULL,NULL,NULL,NULL,NULL,NULL
08,0860,086011,MATUGUINAO,NULL,NULL,NULL,NULL,NULL,NULL
08,0860,086012,MOTIONG,NULL,NULL,NULL,NULL,NULL,NULL
08,0860,086013,PINABACDAO,NULL,NULL,NULL,NULL,NULL,NULL
08,0860,086014,SAN JOSE DE BUAN,NULL,NULL,NULL,NULL,NULL,NULL
08,0860,086015,SAN SEBASTIAN,NULL,NULL,NULL,NULL,NULL,NULL
08,0860,086016,SANTA MARGARITA,NULL,NULL,NULL,NULL,NULL,NULL
08,0860,086017,SANTA RITA,NULL,NULL,NULL,NULL,NULL,NULL
08,0860,086018,SANTO NIO,NULL,NULL,NULL,NULL,NULL,NULL
08,0860,086019,TALALORA,NULL,NULL,NULL,NULL,NULL,NULL
08,0860,086020,TARANGNAN,NULL,NULL,NULL,NULL,NULL,NULL
08,0860,086021,VILLAREAL,NULL,NULL,NULL,NULL,NULL,NULL
08,0860,086022,PARANAS (WRIGHT),NULL,NULL,NULL,NULL,NULL,NULL
08,0860,086023,ZUMARRAGA,NULL,NULL,NULL,NULL,NULL,NULL
08,0860,086024,TAGAPUL-AN,NULL,NULL,NULL,NULL,NULL,NULL
08,0860,086025,SAN JORGE,NULL,NULL,NULL,NULL,NULL,NULL
08,0860,086026,PAGSANGHAN,NULL,NULL,NULL,NULL,NULL,NULL
08,0864,086401,ANAHAWAN,NULL,NULL,NULL,NULL,NULL,NULL
08,0864,086402,BONTOC,NULL,NULL,NULL,NULL,NULL,NULL
08,0864,086403,HINUNANGAN,NULL,NULL,NULL,NULL,NULL,NULL
08,0864,086404,HINUNDAYAN,NULL,NULL,NULL,NULL,NULL,NULL
08,0864,086405,LIBAGON,NULL,NULL,NULL,NULL,NULL,NULL
08,0864,086406,LILOAN,NULL,NULL,NULL,NULL,NULL,NULL
08,0864,086407,CITY OF MAASIN (Capital),NULL,NULL,NULL,NULL,NULL,NULL
08,0864,086408,MACROHON,NULL,NULL,NULL,NULL,NULL,NULL
08,0864,086409,MALITBOG,NULL,NULL,NULL,NULL,NULL,NULL
08,0864,086410,PADRE BURGOS,NULL,NULL,NULL,NULL,NULL,NULL
08,0864,086411,PINTUYAN,NULL,NULL,NULL,NULL,NULL,NULL
08,0864,086412,SAINT BERNARD,NULL,NULL,NULL,NULL,NULL,NULL
08,0864,086413,SAN FRANCISCO,NULL,NULL,NULL,NULL,NULL,NULL
08,0864,086414,SAN JUAN (CABALIAN),NULL,NULL,NULL,NULL,NULL,NULL
08,0864,086415,SAN RICARDO,NULL,NULL,NULL,NULL,NULL,NULL
08,0864,086416,SILAGO,NULL,NULL,NULL,NULL,NULL,NULL
08,0864,086417,SOGOD,NULL,NULL,NULL,NULL,NULL,NULL
08,0864,086418,TOMAS OPPUS,NULL,NULL,NULL,NULL,NULL,NULL
08,0864,086419,LIMASAWA,NULL,NULL,NULL,NULL,NULL,NULL
08,0878,087801,ALMERIA,NULL,NULL,NULL,NULL,NULL,NULL
08,0878,087802,BILIRAN,NULL,NULL,NULL,NULL,NULL,NULL
08,0878,087803,CABUCGAYAN,NULL,NULL,NULL,NULL,NULL,NULL
08,0878,087804,CAIBIRAN,NULL,NULL,NULL,NULL,NULL,NULL
08,0878,087805,CULABA,NULL,NULL,NULL,NULL,NULL,NULL
08,0878,087806,KAWAYAN,NULL,NULL,NULL,NULL,NULL,NULL
08,0878,087807,MARIPIPI,NULL,NULL,NULL,NULL,NULL,NULL
08,0878,087808,NAVAL (Capital),NULL,NULL,NULL,NULL,NULL,NULL
09,0972,097201,DAPITAN CITY,NULL,NULL,NULL,NULL,NULL,NULL
09,0972,097202,DIPOLOG CITY (Capital),NULL,NULL,NULL,NULL,NULL,NULL
09,0972,097203,KATIPUNAN,NULL,NULL,NULL,NULL,NULL,NULL
09,0972,097204,LA LIBERTAD,NULL,NULL,NULL,NULL,NULL,NULL
09,0972,097205,LABASON,NULL,NULL,NULL,NULL,NULL,NULL
09,0972,097206,LILOY,NULL,NULL,NULL,NULL,NULL,NULL
09,0972,097207,MANUKAN,NULL,NULL,NULL,NULL,NULL,NULL
09,0972,097208,MUTIA,NULL,NULL,NULL,NULL,NULL,NULL
09,0972,097209,PIAN (NEW PIAN),NULL,NULL,NULL,NULL,NULL,NULL
09,0972,097210,POLANCO,NULL,NULL,NULL,NULL,NULL,NULL
09,0972,097211,PRES. MANUEL A. ROXAS,NULL,NULL,NULL,NULL,NULL,NULL
09,0972,097212,RIZAL,NULL,NULL,NULL,NULL,NULL,NULL
09,0972,097213,SALUG,NULL,NULL,NULL,NULL,NULL,NULL
09,0972,097214,SERGIO OSMEA SR.,NULL,NULL,NULL,NULL,NULL,NULL
09,0972,097215,SIAYAN,NULL,NULL,NULL,NULL,NULL,NULL
09,0972,097216,SIBUCO,NULL,NULL,NULL,NULL,NULL,NULL
09,0972,097217,SIBUTAD,NULL,NULL,NULL,NULL,NULL,NULL
09,0972,097218,SINDANGAN,NULL,NULL,NULL,NULL,NULL,NULL
09,0972,097219,SIOCON,NULL,NULL,NULL,NULL,NULL,NULL
09,0972,097220,SIRAWAI,NULL,NULL,NULL,NULL,NULL,NULL
09,0972,097221,TAMPILISAN,NULL,NULL,NULL,NULL,NULL,NULL
09,0972,097222,JOSE DALMAN (PONOT),NULL,NULL,NULL,NULL,NULL,NULL
09,0972,097223,GUTALAC,NULL,NULL,NULL,NULL,NULL,NULL
09,0972,097224,BALIGUIAN,NULL,NULL,NULL,NULL,NULL,NULL
09,0972,097225,GODOD,NULL,NULL,NULL,NULL,NULL,NULL
09,0972,097226,BACUNGAN (LEON T. POSTIGO),NULL,NULL,NULL,NULL,NULL,NULL
09,0972,097227,KALAWIT,NULL,NULL,NULL,NULL,NULL,NULL
09,0973,097302,AURORA,NULL,NULL,NULL,NULL,NULL,NULL
09,0973,097303,BAYOG,NULL,NULL,NULL,NULL,NULL,NULL
09,0973,097305,DIMATALING,NULL,NULL,NULL,NULL,NULL,NULL
09,0973,097306,DINAS,NULL,NULL,NULL,NULL,NULL,NULL
09,0973,097307,DUMALINAO,NULL,NULL,NULL,NULL,NULL,NULL
09,0973,097308,DUMINGAG,NULL,NULL,NULL,NULL,NULL,NULL
09,0973,097311,KUMALARANG,NULL,NULL,NULL,NULL,NULL,NULL
09,0973,097312,LABANGAN,NULL,NULL,NULL,NULL,NULL,NULL
09,0973,097313,LAPUYAN,NULL,NULL,NULL,NULL,NULL,NULL
09,0973,097315,MAHAYAG,NULL,NULL,NULL,NULL,NULL,NULL
09,0973,097317,MARGOSATUBIG,NULL,NULL,NULL,NULL,NULL,NULL
09,0973,097318,MIDSALIP,NULL,NULL,NULL,NULL,NULL,NULL
09,0973,097319,MOLAVE,NULL,NULL,NULL,NULL,NULL,NULL
09,0973,097322,PAGADIAN CITY (Capital),NULL,NULL,NULL,NULL,NULL,NULL
09,0973,097323,RAMON MAGSAYSAY (LIARGO),NULL,NULL,NULL,NULL,NULL,NULL
09,0973,097324,SAN MIGUEL,NULL,NULL,NULL,NULL,NULL,NULL
09,0973,097325,SAN PABLO,NULL,NULL,NULL,NULL,NULL,NULL
09,0973,097327,TABINA,NULL,NULL,NULL,NULL,NULL,NULL
09,0973,097328,TAMBULIG,NULL,NULL,NULL,NULL,NULL,NULL
09,0973,097330,TUKURAN,NULL,NULL,NULL,NULL,NULL,NULL
09,0973,097332,ZAMBOANGA CITY,NULL,NULL,NULL,NULL,NULL,NULL
09,0973,097333,LAKEWOOD,NULL,NULL,NULL,NULL,NULL,NULL
09,0973,097337,JOSEFINA,NULL,NULL,NULL,NULL,NULL,NULL
09,0973,097338,PITOGO,NULL,NULL,NULL,NULL,NULL,NULL
09,0973,097340,SOMINOT (DON MARIANO MARCOS),NULL,NULL,NULL,NULL,NULL,NULL
09,0973,097341,VINCENZO A. SAGUN,NULL,NULL,NULL,NULL,NULL,NULL
09,0973,097343,GUIPOS,NULL,NULL,NULL,NULL,NULL,NULL
09,0973,097344,TIGBAO,NULL,NULL,NULL,NULL,NULL,NULL
09,0983,098301,ALICIA,NULL,NULL,NULL,NULL,NULL,NULL
09,0983,098302,BUUG,NULL,NULL,NULL,NULL,NULL,NULL
09,0983,098303,DIPLAHAN,NULL,NULL,NULL,NULL,NULL,NULL
09,0983,098304,IMELDA,NULL,NULL,NULL,NULL,NULL,NULL
09,0983,098305,IPIL,NULL,NULL,NULL,NULL,NULL,NULL
09,0983,098306,KABASALAN,NULL,NULL,NULL,NULL,NULL,NULL
09,0983,098307,MABUHAY,NULL,NULL,NULL,NULL,NULL,NULL
09,0983,098308,MALANGAS,NULL,NULL,NULL,NULL,NULL,NULL
09,0983,098309,NAGA,NULL,NULL,NULL,NULL,NULL,NULL
09,0983,098310,OLUTANGA,NULL,NULL,NULL,NULL,NULL,NULL
09,0983,098311,PAYAO,NULL,NULL,NULL,NULL,NULL,NULL
09,0983,098312,ROSELLER LIM,NULL,NULL,NULL,NULL,NULL,NULL
09,0983,098313,SIAY,NULL,NULL,NULL,NULL,NULL,NULL
09,0983,098314,TALUSAN,NULL,NULL,NULL,NULL,NULL,NULL
09,0983,098315,TITAY,NULL,NULL,NULL,NULL,NULL,NULL
09,0983,098316,TUNGAWAN,NULL,NULL,NULL,NULL,NULL,NULL
09,0997,099701,CITY OF ISABELA (Capital),NULL,NULL,NULL,NULL,NULL,NULL
10,1013,101301,BAUNGON,NULL,NULL,NULL,NULL,NULL,NULL
10,1013,101302,DAMULOG,NULL,NULL,NULL,NULL,NULL,NULL
10,1013,101303,DANGCAGAN,NULL,NULL,NULL,NULL,NULL,NULL
10,1013,101304,DON CARLOS,NULL,NULL,NULL,NULL,NULL,NULL
10,1013,101305,IMPASUG-ONG,NULL,NULL,NULL,NULL,NULL,NULL
10,1013,101306,KADINGILAN,NULL,NULL,NULL,NULL,NULL,NULL
10,1013,101307,KALILANGAN,NULL,NULL,NULL,NULL,NULL,NULL
10,1013,101308,KIBAWE,NULL,NULL,NULL,NULL,NULL,NULL
10,1013,101309,KITAOTAO,NULL,NULL,NULL,NULL,NULL,NULL
10,1013,101310,LANTAPAN,NULL,NULL,NULL,NULL,NULL,NULL
10,1013,101311,LIBONA,NULL,NULL,NULL,NULL,NULL,NULL
10,1013,101312,CITY MALAYBALAY (Capital),NULL,NULL,NULL,NULL,NULL,NULL
10,1013,101313,MALITBOG,NULL,NULL,NULL,NULL,NULL,NULL
10,1013,101314,MANOLO FORTICH,NULL,NULL,NULL,NULL,NULL,NULL
10,1013,101315,MARAMAG,NULL,NULL,NULL,NULL,NULL,NULL
10,1013,101316,PANGANTUCAN,NULL,NULL,NULL,NULL,NULL,NULL
10,1013,101317,QUEZON,NULL,NULL,NULL,NULL,NULL,NULL
10,1013,101318,SAN FERNANDO,NULL,NULL,NULL,NULL,NULL,NULL
10,1013,101319,SUMILAO,NULL,NULL,NULL,NULL,NULL,NULL
10,1013,101320,TALAKAG,NULL,NULL,NULL,NULL,NULL,NULL
10,1013,101321,CITY OF VALENCIA,NULL,NULL,NULL,NULL,NULL,NULL
10,1013,101322,CABANGLASAN,NULL,NULL,NULL,NULL,NULL,NULL
10,1018,101801,CATARMAN,NULL,NULL,NULL,NULL,NULL,NULL
10,1018,101802,GUINSILIBAN,NULL,NULL,NULL,NULL,NULL,NULL
10,1018,101803,MAHINOG,NULL,NULL,NULL,NULL,NULL,NULL
10,1018,101804,MAMBAJAO (Capital),NULL,NULL,NULL,NULL,NULL,NULL
10,1018,101805,SAGAY,NULL,NULL,NULL,NULL,NULL,NULL
10,1035,103501,BACOLOD,NULL,NULL,NULL,NULL,NULL,NULL
10,1035,103502,BALOI,NULL,NULL,NULL,NULL,NULL,NULL
10,1035,103503,BAROY,NULL,NULL,NULL,NULL,NULL,NULL
10,1035,103504,ILIGAN CITY,NULL,NULL,NULL,NULL,NULL,NULL
10,1035,103505,KAPATAGAN,NULL,NULL,NULL,NULL,NULL,NULL
10,1035,103506,SULTAN NAGA DIMAPORO (KAROMATAN),NULL,NULL,NULL,NULL,NULL,NULL
10,1035,103507,KAUSWAGAN,NULL,NULL,NULL,NULL,NULL,NULL
10,1035,103508,KOLAMBUGAN,NULL,NULL,NULL,NULL,NULL,NULL
10,1035,103509,LALA,NULL,NULL,NULL,NULL,NULL,NULL
10,1035,103510,LINAMON,NULL,NULL,NULL,NULL,NULL,NULL
10,1035,103511,MAGSAYSAY,NULL,NULL,NULL,NULL,NULL,NULL
10,1035,103512,MAIGO,NULL,NULL,NULL,NULL,NULL,NULL
10,1035,103513,MATUNGAO,NULL,NULL,NULL,NULL,NULL,NULL
10,1035,103514,MUNAI,NULL,NULL,NULL,NULL,NULL,NULL
10,1035,103515,NUNUNGAN,NULL,NULL,NULL,NULL,NULL,NULL
10,1035,103516,PANTAO RAGAT,NULL,NULL,NULL,NULL,NULL,NULL
10,1035,103517,POONA PIAGAPO,NULL,NULL,NULL,NULL,NULL,NULL
10,1035,103518,SALVADOR,NULL,NULL,NULL,NULL,NULL,NULL
10,1035,103519,SAPAD,NULL,NULL,NULL,NULL,NULL,NULL
10,1035,103520,TAGOLOAN,NULL,NULL,NULL,NULL,NULL,NULL
10,1035,103521,TANGCAL,NULL,NULL,NULL,NULL,NULL,NULL
10,1035,103522,TUBOD (Capital),NULL,NULL,NULL,NULL,NULL,NULL
10,1035,103523,PANTAR,NULL,NULL,NULL,NULL,NULL,NULL
10,1042,104201,ALORAN,NULL,NULL,NULL,NULL,NULL,NULL
10,1042,104202,BALIANGAO,NULL,NULL,NULL,NULL,NULL,NULL
10,1042,104203,BONIFACIO,NULL,NULL,NULL,NULL,NULL,NULL
10,1042,104204,CALAMBA,NULL,NULL,NULL,NULL,NULL,NULL
10,1042,104205,CLARIN,NULL,NULL,NULL,NULL,NULL,NULL
10,1042,104206,CONCEPCION,NULL,NULL,NULL,NULL,NULL,NULL
10,1042,104207,JIMENEZ,NULL,NULL,NULL,NULL,NULL,NULL
10,1042,104208,LOPEZ JAENA,NULL,NULL,NULL,NULL,NULL,NULL
10,1042,104209,OROQUIETA CITY (Capital),NULL,NULL,NULL,NULL,NULL,NULL
10,1042,104210,OZAMIS CITY,NULL,NULL,NULL,NULL,NULL,NULL
10,1042,104211,PANAON,NULL,NULL,NULL,NULL,NULL,NULL
10,1042,104212,PLARIDEL,NULL,NULL,NULL,NULL,NULL,NULL
10,1042,104213,SAPANG DALAGA,NULL,NULL,NULL,NULL,NULL,NULL
10,1042,104214,SINACABAN,NULL,NULL,NULL,NULL,NULL,NULL
10,1042,104215,TANGUB CITY,NULL,NULL,NULL,NULL,NULL,NULL
10,1042,104216,TUDELA,NULL,NULL,NULL,NULL,NULL,NULL
10,1042,104217,DON VICTORIANO CHIONGBIAN,NULL,NULL,NULL,NULL,NULL,NULL
10,1043,104301,ALUBIJID,NULL,NULL,NULL,NULL,NULL,NULL
10,1043,104302,BALINGASAG,NULL,NULL,NULL,NULL,NULL,NULL
10,1043,104303,BALINGOAN,NULL,NULL,NULL,NULL,NULL,NULL
10,1043,104304,BINUANGAN,NULL,NULL,NULL,NULL,NULL,NULL
10,1043,104305,CAGAYAN DE ORO CITY (Capital),NULL,NULL,NULL,NULL,NULL,NULL
10,1043,104306,CLAVERIA,NULL,NULL,NULL,NULL,NULL,NULL
10,1043,104307,EL SALVADOR,NULL,NULL,NULL,NULL,NULL,NULL
10,1043,104308,GINGOOG CITY,NULL,NULL,NULL,NULL,NULL,NULL
10,1043,104309,GITAGUM,NULL,NULL,NULL,NULL,NULL,NULL
10,1043,104310,INITAO,NULL,NULL,NULL,NULL,NULL,NULL
10,1043,104311,JASAAN,NULL,NULL,NULL,NULL,NULL,NULL
10,1043,104312,KINOGUITAN,NULL,NULL,NULL,NULL,NULL,NULL
10,1043,104313,LAGONGLONG,NULL,NULL,NULL,NULL,NULL,NULL
10,1043,104314,LAGUINDINGAN,NULL,NULL,NULL,NULL,NULL,NULL
10,1043,104315,LIBERTAD,NULL,NULL,NULL,NULL,NULL,NULL
10,1043,104316,LUGAIT,NULL,NULL,NULL,NULL,NULL,NULL
10,1043,104317,MAGSAYSAY (LINUGOS),NULL,NULL,NULL,NULL,NULL,NULL
10,1043,104318,MANTICAO,NULL,NULL,NULL,NULL,NULL,NULL
10,1043,104319,MEDINA,NULL,NULL,NULL,NULL,NULL,NULL
10,1043,104320,NAAWAN,NULL,NULL,NULL,NULL,NULL,NULL
10,1043,104321,OPOL,NULL,NULL,NULL,NULL,NULL,NULL
10,1043,104322,SALAY,NULL,NULL,NULL,NULL,NULL,NULL
10,1043,104323,SUGBONGCOGON,NULL,NULL,NULL,NULL,NULL,NULL
10,1043,104324,TAGOLOAN,NULL,NULL,NULL,NULL,NULL,NULL
10,1043,104325,TALISAYAN,NULL,NULL,NULL,NULL,NULL,NULL
10,1043,104326,VILLANUEVA,NULL,NULL,NULL,NULL,NULL,NULL
11,1123,112301,ASUNCION (SAUG),NULL,NULL,NULL,NULL,NULL,NULL
11,1123,112303,CARMEN,NULL,NULL,NULL,NULL,NULL,NULL
11,1123,112305,KAPALONG,NULL,NULL,NULL,NULL,NULL,NULL
11,1123,112314,NEW CORELLA,NULL,NULL,NULL,NULL,NULL,NULL
11,1123,112315,CITY OF PANABO,NULL,NULL,NULL,NULL,NULL,NULL
11,1123,112317,ISLAND GARDEN CITY OF SAMAL,NULL,NULL,NULL,NULL,NULL,NULL
11,1123,112318,SANTO TOMAS,NULL,NULL,NULL,NULL,NULL,NULL
11,1123,112319,CITY OF TAGUM (Capital),NULL,NULL,NULL,NULL,NULL,NULL
11,1123,112322,TALAINGOD,NULL,NULL,NULL,NULL,NULL,NULL
11,1123,112323,BRAULIO E. DUJALI,NULL,NULL,NULL,NULL,NULL,NULL
11,1123,112324,SAN ISIDRO,NULL,NULL,NULL,NULL,NULL,NULL
11,1124,112401,BANSALAN,NULL,NULL,NULL,NULL,NULL,NULL
11,1124,112402,DAVAO CITY,NULL,NULL,NULL,NULL,NULL,NULL
11,1124,112403,CITY OF DIGOS (Capital),NULL,NULL,NULL,NULL,NULL,NULL
11,1124,112404,HAGONOY,NULL,NULL,NULL,NULL,NULL,NULL
11,1124,112405,JOSE ABAD SANTOS (TRINIDAD),NULL,NULL,NULL,NULL,NULL,NULL
11,1124,112406,KIBLAWAN,NULL,NULL,NULL,NULL,NULL,NULL
11,1124,112407,MAGSAYSAY,NULL,NULL,NULL,NULL,NULL,NULL
11,1124,112408,MALALAG,NULL,NULL,NULL,NULL,NULL,NULL
11,1124,112409,MALITA,NULL,NULL,NULL,NULL,NULL,NULL
11,1124,112410,MATANAO,NULL,NULL,NULL,NULL,NULL,NULL
11,1124,112411,PADADA,NULL,NULL,NULL,NULL,NULL,NULL
11,1124,112412,SANTA CRUZ,NULL,NULL,NULL,NULL,NULL,NULL
11,1124,112413,SANTA MARIA,NULL,NULL,NULL,NULL,NULL,NULL
11,1124,112414,SULOP,NULL,NULL,NULL,NULL,NULL,NULL
11,1124,112415,SARANGANI,NULL,NULL,NULL,NULL,NULL,NULL
11,1124,112416,DON MARCELINO,NULL,NULL,NULL,NULL,NULL,NULL
11,1125,112501,BAGANGA,NULL,NULL,NULL,NULL,NULL,NULL
11,1125,112502,BANAYBANAY,NULL,NULL,NULL,NULL,NULL,NULL
11,1125,112503,BOSTON,NULL,NULL,NULL,NULL,NULL,NULL
11,1125,112504,CARAGA,NULL,NULL,NULL,NULL,NULL,NULL
11,1125,112505,CATEEL,NULL,NULL,NULL,NULL,NULL,NULL
11,1125,112506,GOVERNOR GENEROSO,NULL,NULL,NULL,NULL,NULL,NULL
11,1125,112507,LUPON,NULL,NULL,NULL,NULL,NULL,NULL
11,1125,112508,MANAY,NULL,NULL,NULL,NULL,NULL,NULL
11,1125,112509,MATI (Capital),NULL,NULL,NULL,NULL,NULL,NULL
11,1125,112510,SAN ISIDRO,NULL,NULL,NULL,NULL,NULL,NULL
11,1125,112511,TARRAGONA,NULL,NULL,NULL,NULL,NULL,NULL
11,1182,118201,COMPOSTELA,NULL,NULL,NULL,NULL,NULL,NULL
11,1182,118202,LAAK (SAN VICENTE),NULL,NULL,NULL,NULL,NULL,NULL
11,1182,118203,MABINI (DOA ALICIA),NULL,NULL,NULL,NULL,NULL,NULL
11,1182,118204,MACO,NULL,NULL,NULL,NULL,NULL,NULL
11,1182,118205,MARAGUSAN (SAN MARIANO),NULL,NULL,NULL,NULL,NULL,NULL
11,1182,118206,MAWAB,NULL,NULL,NULL,NULL,NULL,NULL
11,1182,118207,MONKAYO,NULL,NULL,NULL,NULL,NULL,NULL
11,1182,118208,MONTEVISTA,NULL,NULL,NULL,NULL,NULL,NULL
11,1182,118209,NABUNTURAN (Capital),NULL,NULL,NULL,NULL,NULL,NULL
11,1182,118210,NEW BATAAN,NULL,NULL,NULL,NULL,NULL,NULL
11,1182,118211,PANTUKAN,NULL,NULL,NULL,NULL,NULL,NULL
12,1247,124701,ALAMADA,NULL,NULL,NULL,NULL,NULL,NULL
12,1247,124702,CARMEN,NULL,NULL,NULL,NULL,NULL,NULL
12,1247,124703,KABACAN,NULL,NULL,NULL,NULL,NULL,NULL
12,1247,124704,CITY OF KIDAPAWAN (Capital),NULL,NULL,NULL,NULL,NULL,NULL
12,1247,124705,LIBUNGAN,NULL,NULL,NULL,NULL,NULL,NULL
12,1247,124706,MAGPET,NULL,NULL,NULL,NULL,NULL,NULL
12,1247,124707,MAKILALA,NULL,NULL,NULL,NULL,NULL,NULL
12,1247,124708,MATALAM,NULL,NULL,NULL,NULL,NULL,NULL
12,1247,124709,MIDSAYAP,NULL,NULL,NULL,NULL,NULL,NULL
12,1247,124710,M'LANG,NULL,NULL,NULL,NULL,NULL,NULL
12,1247,124711,PIGKAWAYAN,NULL,NULL,NULL,NULL,NULL,NULL
12,1247,124712,PIKIT,NULL,NULL,NULL,NULL,NULL,NULL
12,1247,124713,PRESIDENT ROXAS,NULL,NULL,NULL,NULL,NULL,NULL
12,1247,124714,TULUNAN,NULL,NULL,NULL,NULL,NULL,NULL
12,1247,124715,ANTIPAS,NULL,NULL,NULL,NULL,NULL,NULL
12,1247,124716,BANISILAN,NULL,NULL,NULL,NULL,NULL,NULL
12,1247,124717,ALEOSAN,NULL,NULL,NULL,NULL,NULL,NULL
12,1247,124718,ARAKAN,NULL,NULL,NULL,NULL,NULL,NULL
12,1247,124719,COTABATO CITY <POBLACION>,NULL,NULL,NULL,NULL,NULL,NULL
12,1263,126302,BANGA,NULL,NULL,NULL,NULL,NULL,NULL
12,1263,126303,GENERAL SANTOS CITY (DADIANGAS),NULL,NULL,NULL,NULL,NULL,NULL
12,1263,126306,CITY OF KORONADAL (Capital),NULL,NULL,NULL,NULL,NULL,NULL
12,1263,126311,NORALA,NULL,NULL,NULL,NULL,NULL,NULL
12,1263,126312,POLOMOLOK,NULL,NULL,NULL,NULL,NULL,NULL
12,1263,126313,SURALLAH,NULL,NULL,NULL,NULL,NULL,NULL
12,1263,126314,TAMPAKAN,NULL,NULL,NULL,NULL,NULL,NULL
12,1263,126315,TANTANGAN,NULL,NULL,NULL,NULL,NULL,NULL
12,1263,126316,T'BOLI,NULL,NULL,NULL,NULL,NULL,NULL
12,1263,126317,TUPI,NULL,NULL,NULL,NULL,NULL,NULL
12,1263,126318,SANTO NIO,NULL,NULL,NULL,NULL,NULL,NULL
12,1263,126319,LAKE SEBU,NULL,NULL,NULL,NULL,NULL,NULL
12,1265,126501,BAGUMBAYAN,NULL,NULL,NULL,NULL,NULL,NULL
12,1265,126502,COLUMBIO,NULL,NULL,NULL,NULL,NULL,NULL
12,1265,126503,ESPERANZA,NULL,NULL,NULL,NULL,NULL,NULL
12,1265,126504,ISULAN (Capital),NULL,NULL,NULL,NULL,NULL,NULL
12,1265,126505,KALAMANSIG,NULL,NULL,NULL,NULL,NULL,NULL
12,1265,126506,LEBAK,NULL,NULL,NULL,NULL,NULL,NULL
12,1265,126507,LUTAYAN,NULL,NULL,NULL,NULL,NULL,NULL
12,1265,126508,LAMBAYONG (MARIANO MARCOS),NULL,NULL,NULL,NULL,NULL,NULL
12,1265,126509,PALIMBANG,NULL,NULL,NULL,NULL,NULL,NULL
12,1265,126510,PRESIDENT QUIRINO,NULL,NULL,NULL,NULL,NULL,NULL
12,1265,126511,CITY OF TACURONG,NULL,NULL,NULL,NULL,NULL,NULL
12,1265,126512,SEN. NINOY AQUINO,NULL,NULL,NULL,NULL,NULL,NULL
12,1280,128001,ALABEL (Capital),NULL,NULL,NULL,NULL,NULL,NULL
12,1280,128002,GLAN,NULL,NULL,NULL,NULL,NULL,NULL
12,1280,128003,KIAMBA,NULL,NULL,NULL,NULL,NULL,NULL
12,1280,128004,MAASIM,NULL,NULL,NULL,NULL,NULL,NULL
12,1280,128005,MAITUM,NULL,NULL,NULL,NULL,NULL,NULL
12,1280,128006,MALAPATAN,NULL,NULL,NULL,NULL,NULL,NULL
12,1280,128007,MALUNGON,NULL,NULL,NULL,NULL,NULL,NULL
12,1298,129804,COTABATO ,NULL,NULL,NULL,NULL,NULL,NULL
13,1339,133900,CITY OF MANILA,NULL,NULL,NULL,NULL,NULL,NULL
13,1339,133901,TONDO I / II,NULL,NULL,NULL,NULL,NULL,NULL
13,1339,133902,BINONDO,NULL,NULL,NULL,NULL,NULL,NULL
13,1339,133903,QUIAPO,NULL,NULL,NULL,NULL,NULL,NULL
13,1339,133904,SAN NICOLAS,NULL,NULL,NULL,NULL,NULL,NULL
13,1339,133905,SANTA CRUZ,NULL,NULL,NULL,NULL,NULL,NULL
13,1339,133906,SAMPALOC,NULL,NULL,NULL,NULL,NULL,NULL
13,1339,133907,SAN MIGUEL,NULL,NULL,NULL,NULL,NULL,NULL
13,1339,133908,ERMITA,NULL,NULL,NULL,NULL,NULL,NULL
13,1339,133909,INTRAMUROS,NULL,NULL,NULL,NULL,NULL,NULL
13,1339,133910,MALATE,NULL,NULL,NULL,NULL,NULL,NULL
13,1339,133911,PACO,NULL,NULL,NULL,NULL,NULL,NULL
13,1339,133912,PANDACAN,NULL,NULL,NULL,NULL,NULL,NULL
13,1339,133913,PORT AREA,NULL,NULL,NULL,NULL,NULL,NULL
13,1339,133914,SANTA ANA,NULL,NULL,NULL,NULL,NULL,NULL
13,1374,137401,CITY OF MANDALUYONG,NULL,NULL,NULL,NULL,NULL,NULL
13,1374,137402,CITY OF MARIKINA,NULL,NULL,NULL,NULL,NULL,NULL
13,1374,137403,CITY OF PASIG,NULL,NULL,NULL,NULL,NULL,NULL
13,1374,137404,QUEZON CITY,NULL,NULL,NULL,NULL,NULL,NULL
13,1374,137405,SAN JUAN,NULL,NULL,NULL,NULL,NULL,NULL
13,1375,137501,CALOOCAN CITY,NULL,NULL,NULL,NULL,NULL,NULL
13,1375,137502,CITY OF MALABON,NULL,NULL,NULL,NULL,NULL,NULL
13,1375,137503,NAVOTAS,NULL,NULL,NULL,NULL,NULL,NULL
13,1375,137504,CITY OF VALENZUELA,NULL,NULL,NULL,NULL,NULL,NULL
13,1376,137601,CITY OF LAS PI&Ntilde;AS,NULL,NULL,NULL,NULL,NULL,NULL
13,1376,137602,CITY OF MAKATI,NULL,NULL,NULL,NULL,NULL,NULL
13,1376,137603,CITY OF MUNTINLUPA,NULL,NULL,NULL,NULL,NULL,NULL
13,1376,137604,CITY OF PARA&Ntilde;AQUE,NULL,NULL,NULL,NULL,NULL,NULL
13,1376,137605,PASAY CITY,NULL,NULL,NULL,NULL,NULL,NULL
13,1376,137606,PATEROS,NULL,NULL,NULL,NULL,NULL,NULL
13,1376,137607,TAGUIG,NULL,NULL,NULL,NULL,NULL,NULL
14,1401,140101,BANGUED (Capital),NULL,NULL,NULL,NULL,NULL,NULL
14,1401,140102,BOLINEY,NULL,NULL,NULL,NULL,NULL,NULL
14,1401,140103,BUCAY,NULL,NULL,NULL,NULL,NULL,NULL
14,1401,140104,BUCLOC,NULL,NULL,NULL,NULL,NULL,NULL
14,1401,140105,DAGUIOMAN,NULL,NULL,NULL,NULL,NULL,NULL
14,1401,140106,DANGLAS,NULL,NULL,NULL,NULL,NULL,NULL
14,1401,140107,DOLORES,NULL,NULL,NULL,NULL,NULL,NULL
14,1401,140108,LA PAZ,NULL,NULL,NULL,NULL,NULL,NULL
14,1401,140109,LACUB,NULL,NULL,NULL,NULL,NULL,NULL
14,1401,140110,LAGANGILANG,NULL,NULL,NULL,NULL,NULL,NULL
14,1401,140111,LAGAYAN,NULL,NULL,NULL,NULL,NULL,NULL
14,1401,140112,LANGIDEN,NULL,NULL,NULL,NULL,NULL,NULL
14,1401,140113,LICUAN-BAAY (LICUAN),NULL,NULL,NULL,NULL,NULL,NULL
14,1401,140114,LUBA,NULL,NULL,NULL,NULL,NULL,NULL
14,1401,140115,MALIBCONG,NULL,NULL,NULL,NULL,NULL,NULL
14,1401,140116,MANABO,NULL,NULL,NULL,NULL,NULL,NULL
14,1401,140117,PEARRUBIA,NULL,NULL,NULL,NULL,NULL,NULL
14,1401,140118,PIDIGAN,NULL,NULL,NULL,NULL,NULL,NULL
14,1401,140119,PILAR,NULL,NULL,NULL,NULL,NULL,NULL
14,1401,140120,SALLAPADAN,NULL,NULL,NULL,NULL,NULL,NULL
14,1401,140121,SAN ISIDRO,NULL,NULL,NULL,NULL,NULL,NULL
14,1401,140122,SAN JUAN,NULL,NULL,NULL,NULL,NULL,NULL
14,1401,140123,SAN QUINTIN,NULL,NULL,NULL,NULL,NULL,NULL
14,1401,140124,TAYUM,NULL,NULL,NULL,NULL,NULL,NULL
14,1401,140125,TINEG,NULL,NULL,NULL,NULL,NULL,NULL
14,1401,140126,TUBO,NULL,NULL,NULL,NULL,NULL,NULL
14,1401,140127,VILLAVICIOSA,NULL,NULL,NULL,NULL,NULL,NULL
14,1411,141101,ATOK,NULL,NULL,NULL,NULL,NULL,NULL
14,1411,141102,BAGUIO CITY,NULL,NULL,NULL,NULL,NULL,NULL
14,1411,141103,BAKUN,NULL,NULL,NULL,NULL,NULL,NULL
14,1411,141104,BOKOD,NULL,NULL,NULL,NULL,NULL,NULL
14,1411,141105,BUGUIAS,NULL,NULL,NULL,NULL,NULL,NULL
14,1411,141106,ITOGON,NULL,NULL,NULL,NULL,NULL,NULL
14,1411,141107,KABAYAN,NULL,NULL,NULL,NULL,NULL,NULL
14,1411,141108,KAPANGAN,NULL,NULL,NULL,NULL,NULL,NULL
14,1411,141109,KIBUNGAN,NULL,NULL,NULL,NULL,NULL,NULL
14,1411,141110,LA TRINIDAD (Capital),NULL,NULL,NULL,NULL,NULL,NULL
14,1411,141111,MANKAYAN,NULL,NULL,NULL,NULL,NULL,NULL
14,1411,141112,SABLAN,NULL,NULL,NULL,NULL,NULL,NULL
14,1411,141113,TUBA,NULL,NULL,NULL,NULL,NULL,NULL
14,1411,141114,TUBLAY,NULL,NULL,NULL,NULL,NULL,NULL
14,1427,142701,BANAUE,NULL,NULL,NULL,NULL,NULL,NULL
14,1427,142702,HUNGDUAN,NULL,NULL,NULL,NULL,NULL,NULL
14,1427,142703,KIANGAN,NULL,NULL,NULL,NULL,NULL,NULL
14,1427,142704,LAGAWE (Capital),NULL,NULL,NULL,NULL,NULL,NULL
14,1427,142705,LAMUT,NULL,NULL,NULL,NULL,NULL,NULL
14,1427,142706,MAYOYAO,NULL,NULL,NULL,NULL,NULL,NULL
14,1427,142707,ALFONSO LISTA (POTIA),NULL,NULL,NULL,NULL,NULL,NULL
14,1427,142708,AGUINALDO,NULL,NULL,NULL,NULL,NULL,NULL
14,1427,142709,HINGYON,NULL,NULL,NULL,NULL,NULL,NULL
14,1427,142710,TINOC,NULL,NULL,NULL,NULL,NULL,NULL
14,1427,142711,ASIPULO,NULL,NULL,NULL,NULL,NULL,NULL
14,1432,143201,BALBALAN,NULL,NULL,NULL,NULL,NULL,NULL
14,1432,143206,LUBUAGAN,NULL,NULL,NULL,NULL,NULL,NULL
14,1432,143208,PASIL,NULL,NULL,NULL,NULL,NULL,NULL
14,1432,143209,PINUKPUK,NULL,NULL,NULL,NULL,NULL,NULL
14,1432,143211,RIZAL (LIWAN),NULL,NULL,NULL,NULL,NULL,NULL
14,1432,143213,TABUK (Capital),NULL,NULL,NULL,NULL,NULL,NULL
14,1432,143214,TANUDAN,NULL,NULL,NULL,NULL,NULL,NULL
14,1432,143215,TINGLAYAN,NULL,NULL,NULL,NULL,NULL,NULL
14,1444,144401,BARLIG,NULL,NULL,NULL,NULL,NULL,NULL
14,1444,144402,BAUKO,NULL,NULL,NULL,NULL,NULL,NULL
14,1444,144403,BESAO,NULL,NULL,NULL,NULL,NULL,NULL
14,1444,144404,BONTOC (Capital),NULL,NULL,NULL,NULL,NULL,NULL
14,1444,144405,NATONIN,NULL,NULL,NULL,NULL,NULL,NULL
14,1444,144406,PARACELIS,NULL,NULL,NULL,NULL,NULL,NULL
14,1444,144407,SABANGAN,NULL,NULL,NULL,NULL,NULL,NULL
14,1444,144408,SADANGA,NULL,NULL,NULL,NULL,NULL,NULL
14,1444,144409,SAGADA,NULL,NULL,NULL,NULL,NULL,NULL
14,1444,144410,TADIAN,NULL,NULL,NULL,NULL,NULL,NULL
14,1481,148101,CALANASAN (BAYAG),NULL,NULL,NULL,NULL,NULL,NULL
14,1481,148102,CONNER,NULL,NULL,NULL,NULL,NULL,NULL
14,1481,148103,FLORA,NULL,NULL,NULL,NULL,NULL,NULL
14,1481,148104,KABUGAO (Capital),NULL,NULL,NULL,NULL,NULL,NULL
14,1481,148105,LUNA,NULL,NULL,NULL,NULL,NULL,NULL
14,1481,148106,PUDTOL,NULL,NULL,NULL,NULL,NULL,NULL
14,1481,148107,SANTA MARCELA,NULL,NULL,NULL,NULL,NULL,NULL
15,1507,150702,LAMITAN,NULL,NULL,NULL,NULL,NULL,NULL
15,1507,150703,LANTAWAN,NULL,NULL,NULL,NULL,NULL,NULL
15,1507,150704,MALUSO,NULL,NULL,NULL,NULL,NULL,NULL
15,1507,150705,SUMISIP,NULL,NULL,NULL,NULL,NULL,NULL
15,1507,150706,TIPO-TIPO,NULL,NULL,NULL,NULL,NULL,NULL
15,1507,150707,TUBURAN,NULL,NULL,NULL,NULL,NULL,NULL
15,1507,150708,AKBAR,NULL,NULL,NULL,NULL,NULL,NULL
15,1507,150709,AL-BARKA,NULL,NULL,NULL,NULL,NULL,NULL
15,1507,150710,HADJI MOHAMMAD AJUL,NULL,NULL,NULL,NULL,NULL,NULL
15,1507,150711,UNGKAYA PUKAN,NULL,NULL,NULL,NULL,NULL,NULL
15,1507,150712,HADJI MUHTAMAD,NULL,NULL,NULL,NULL,NULL,NULL
15,1536,153601,BACOLOD-KALAWI (BACOLOD GRANDE),NULL,NULL,NULL,NULL,NULL,NULL
15,1536,153602,BALABAGAN,NULL,NULL,NULL,NULL,NULL,NULL
15,1536,153603,BALINDONG (WATU),NULL,NULL,NULL,NULL,NULL,NULL
15,1536,153604,BAYANG,NULL,NULL,NULL,NULL,NULL,NULL
15,1536,153605,BINIDAYAN,NULL,NULL,NULL,NULL,NULL,NULL
15,1536,153606,BUBONG,NULL,NULL,NULL,NULL,NULL,NULL
15,1536,153607,BUTIG,NULL,NULL,NULL,NULL,NULL,NULL
15,1536,153609,GANASSI,NULL,NULL,NULL,NULL,NULL,NULL
15,1536,153610,KAPAI,NULL,NULL,NULL,NULL,NULL,NULL
15,1536,153611,LUMBA-BAYABAO (MAGUING),NULL,NULL,NULL,NULL,NULL,NULL
15,1536,153612,LUMBATAN,NULL,NULL,NULL,NULL,NULL,NULL
15,1536,153613,MADALUM,NULL,NULL,NULL,NULL,NULL,NULL
15,1536,153614,MADAMBA,NULL,NULL,NULL,NULL,NULL,NULL
15,1536,153615,MALABANG,NULL,NULL,NULL,NULL,NULL,NULL
15,1536,153616,MARANTAO,NULL,NULL,NULL,NULL,NULL,NULL
15,1536,153617,MARAWI CITY,NULL,NULL,NULL,NULL,NULL,NULL
15,1536,153618,MASIU,NULL,NULL,NULL,NULL,NULL,NULL
15,1536,153619,MULONDO,NULL,NULL,NULL,NULL,NULL,NULL
15,1536,153620,PAGAYAWAN (TATARIKAN),NULL,NULL,NULL,NULL,NULL,NULL
15,1536,153621,PIAGAPO,NULL,NULL,NULL,NULL,NULL,NULL
15,1536,153622,POONA BAYABAO (GATA),NULL,NULL,NULL,NULL,NULL,NULL
15,1536,153623,PUALAS,NULL,NULL,NULL,NULL,NULL,NULL
15,1536,153624,DITSAAN-RAMAIN,NULL,NULL,NULL,NULL,NULL,NULL
15,1536,153625,SAGUIARAN,NULL,NULL,NULL,NULL,NULL,NULL
15,1536,153626,TAMPARAN,NULL,NULL,NULL,NULL,NULL,NULL
15,1536,153627,TARAKA,NULL,NULL,NULL,NULL,NULL,NULL
15,1536,153628,TUBARAN,NULL,NULL,NULL,NULL,NULL,NULL
15,1536,153629,TUGAYA,NULL,NULL,NULL,NULL,NULL,NULL
15,1536,153630,WAO,NULL,NULL,NULL,NULL,NULL,NULL
15,1536,153631,MAROGONG,NULL,NULL,NULL,NULL,NULL,NULL
15,1536,153632,CALANOGAS,NULL,NULL,NULL,NULL,NULL,NULL
15,1536,153633,BUADIPOSO-BUNTONG,NULL,NULL,NULL,NULL,NULL,NULL
15,1536,153634,MAGUING,NULL,NULL,NULL,NULL,NULL,NULL
15,1536,153635,SULTAN GUMANDER,NULL,NULL,NULL,NULL,NULL,NULL
15,1536,153636,LUMBAYANAGUE,NULL,NULL,NULL,NULL,NULL,NULL
15,1536,153637,BUMBARAN,NULL,NULL,NULL,NULL,NULL,NULL
15,1536,153638,TAGOLOAN II,NULL,NULL,NULL,NULL,NULL,NULL
15,1536,153639,KAPATAGAN,NULL,NULL,NULL,NULL,NULL,NULL
15,1536,153640,SULTAN DUMALONDONG,NULL,NULL,NULL,NULL,NULL,NULL
15,1536,153641,LUMBACA-UNAYAN,NULL,NULL,NULL,NULL,NULL,NULL
15,1538,153801,AMPATUAN,NULL,NULL,NULL,NULL,NULL,NULL
15,1538,153802,BULDON,NULL,NULL,NULL,NULL,NULL,NULL
15,1538,153803,BULUAN,NULL,NULL,NULL,NULL,NULL,NULL
15,1538,153805,DATU PAGLAS,NULL,NULL,NULL,NULL,NULL,NULL
15,1538,153806,DATU PIANG,NULL,NULL,NULL,NULL,NULL,NULL
15,1538,153807,DATU ODIN SINSUAT (DINAIG),NULL,NULL,NULL,NULL,NULL,NULL
15,1538,153808,SHARIFF AGUAK (MAGANOY) (Capital),NULL,NULL,NULL,NULL,NULL,NULL
15,1538,153809,MATANOG,NULL,NULL,NULL,NULL,NULL,NULL
15,1538,153810,PAGALUNGAN,NULL,NULL,NULL,NULL,NULL,NULL
15,1538,153811,PARANG,NULL,NULL,NULL,NULL,NULL,NULL
15,1538,153812,SULTAN KUDARAT (NULING),NULL,NULL,NULL,NULL,NULL,NULL
15,1538,153813,SULTAN SA BARONGIS (LAMBAYONG),NULL,NULL,NULL,NULL,NULL,NULL
15,1538,153814,KABUNTALAN (TUMBAO),NULL,NULL,NULL,NULL,NULL,NULL
15,1538,153815,UPI,NULL,NULL,NULL,NULL,NULL,NULL
15,1538,153816,TALAYAN,NULL,NULL,NULL,NULL,NULL,NULL
15,1538,153817,SOUTH UPI,NULL,NULL,NULL,NULL,NULL,NULL
15,1538,153818,BARIRA,NULL,NULL,NULL,NULL,NULL,NULL
15,1538,153819,GEN. S. K. PENDATUN,NULL,NULL,NULL,NULL,NULL,NULL
15,1538,153820,MAMASAPANO,NULL,NULL,NULL,NULL,NULL,NULL
15,1538,153821,TALITAY,NULL,NULL,NULL,NULL,NULL,NULL
15,1538,153822,PAGAGAWAN,NULL,NULL,NULL,NULL,NULL,NULL
15,1538,153823,PAGLAT,NULL,NULL,NULL,NULL,NULL,NULL
15,1538,153824,SULTAN MASTURA,NULL,NULL,NULL,NULL,NULL,NULL
15,1538,153825,GUINDULUNGAN,NULL,NULL,NULL,NULL,NULL,NULL
15,1538,153826,DATU SAUDI-AMPATUAN,NULL,NULL,NULL,NULL,NULL,NULL
15,1538,153827,DATU UNSAY,NULL,NULL,NULL,NULL,NULL,NULL
15,1538,153828,DATU ABDULLAH SANGKI,NULL,NULL,NULL,NULL,NULL,NULL
15,1538,153829,RAJAH BUAYAN,NULL,NULL,NULL,NULL,NULL,NULL
15,1538,153831,DATU ANGGAL MIDTIMBANG,NULL,NULL,NULL,NULL,NULL,NULL
15,1538,153832,MANGUDADATU,NULL,NULL,NULL,NULL,NULL,NULL
15,1538,153833,PANDAG,NULL,NULL,NULL,NULL,NULL,NULL
15,1566,156601,INDANAN,NULL,NULL,NULL,NULL,NULL,NULL
15,1566,156602,JOLO (Capital),NULL,NULL,NULL,NULL,NULL,NULL
15,1566,156603,KALINGALAN CALUANG,NULL,NULL,NULL,NULL,NULL,NULL
15,1566,156604,LUUK,NULL,NULL,NULL,NULL,NULL,NULL
15,1566,156605,MAIMBUNG,NULL,NULL,NULL,NULL,NULL,NULL
15,1566,156606,HADJI PANGLIMA TAHIL (MARUNGGAS),NULL,NULL,NULL,NULL,NULL,NULL
15,1566,156607,OLD PANAMAO,NULL,NULL,NULL,NULL,NULL,NULL
15,1566,156608,PANGUTARAN,NULL,NULL,NULL,NULL,NULL,NULL
15,1566,156609,PARANG,NULL,NULL,NULL,NULL,NULL,NULL
15,1566,156610,PATA,NULL,NULL,NULL,NULL,NULL,NULL
15,1566,156611,PATIKUL,NULL,NULL,NULL,NULL,NULL,NULL
15,1566,156612,SIASI,NULL,NULL,NULL,NULL,NULL,NULL
15,1566,156613,TALIPAO,NULL,NULL,NULL,NULL,NULL,NULL
15,1566,156614,TAPUL,NULL,NULL,NULL,NULL,NULL,NULL
15,1566,156615,TONGKIL,NULL,NULL,NULL,NULL,NULL,NULL
15,1566,156616,PANGLIMA ESTINO (NEW PANAMAO),NULL,NULL,NULL,NULL,NULL,NULL
15,1566,156617,LUGUS,NULL,NULL,NULL,NULL,NULL,NULL
15,1566,156618,PANDAMI,NULL,NULL,NULL,NULL,NULL,NULL
15,1566,156619,OMAR,NULL,NULL,NULL,NULL,NULL,NULL
15,1570,157001,PANGLIMA SUGALA (BALIMBING) (Capital),NULL,NULL,NULL,NULL,NULL,NULL
15,1570,157002,BONGAO,NULL,NULL,NULL,NULL,NULL,NULL
15,1570,157003,MAPUN (CAGAYAN DE TAWI-TAWI),NULL,NULL,NULL,NULL,NULL,NULL
15,1570,157004,SIMUNUL,NULL,NULL,NULL,NULL,NULL,NULL
15,1570,157005,SITANGKAI,NULL,NULL,NULL,NULL,NULL,NULL
15,1570,157006,SOUTH UBIAN,NULL,NULL,NULL,NULL,NULL,NULL
15,1570,157007,TANDUBAS,NULL,NULL,NULL,NULL,NULL,NULL
15,1570,157008,TURTLE ISLANDS,NULL,NULL,NULL,NULL,NULL,NULL
15,1570,157009,LANGUYAN,NULL,NULL,NULL,NULL,NULL,NULL
15,1570,157010,SAPA-SAPA,NULL,NULL,NULL,NULL,NULL,NULL
15,1570,157011,SIBUTU,NULL,NULL,NULL,NULL,NULL,NULL
15,1584,158401,BARIRA,NULL,NULL,NULL,NULL,NULL,NULL
15,1584,158402,BULDON,NULL,NULL,NULL,NULL,NULL,NULL
15,1584,158403,DATU BLAH T. SINSUAT,NULL,NULL,NULL,NULL,NULL,NULL
15,1584,158404,DATU ODIN SINSUAT (DINAIG) (Capital),NULL,NULL,NULL,NULL,NULL,NULL
15,1584,158405,KABUNTALAN (TUMBAO),NULL,NULL,NULL,NULL,NULL,NULL
15,1584,158406,MATANOG,NULL,NULL,NULL,NULL,NULL,NULL
15,1584,158407,PARANG,NULL,NULL,NULL,NULL,NULL,NULL
15,1584,158408,SULTAN KUDARAT (NULING),NULL,NULL,NULL,NULL,NULL,NULL
15,1584,158409,SULTAN MASTURA,NULL,NULL,NULL,NULL,NULL,NULL
15,1584,158410,UPI,NULL,NULL,NULL,NULL,NULL,NULL
15,1584,158411,NORTHERN KABUNTALAN,NULL,NULL,NULL,NULL,NULL,NULL
16,1602,160201,BUENAVISTA,NULL,NULL,NULL,NULL,NULL,NULL
16,1602,160202,BUTUAN CITY (Capital),NULL,NULL,NULL,NULL,NULL,NULL
16,1602,160203,CITY OF CABADBARAN,NULL,NULL,NULL,NULL,NULL,NULL
16,1602,160204,CARMEN,NULL,NULL,NULL,NULL,NULL,NULL
16,1602,160205,JABONGA,NULL,NULL,NULL,NULL,NULL,NULL
16,1602,160206,KITCHARAO,NULL,NULL,NULL,NULL,NULL,NULL
16,1602,160207,LAS NIEVES,NULL,NULL,NULL,NULL,NULL,NULL
16,1602,160208,MAGALLANES,NULL,NULL,NULL,NULL,NULL,NULL
16,1602,160209,NASIPIT,NULL,NULL,NULL,NULL,NULL,NULL
16,1602,160210,SANTIAGO,NULL,NULL,NULL,NULL,NULL,NULL
16,1602,160211,TUBAY,NULL,NULL,NULL,NULL,NULL,NULL
16,1602,160212,REMEDIOS T. ROMUALDEZ,NULL,NULL,NULL,NULL,NULL,NULL
16,1603,160301,CITY OF BAYUGAN,NULL,NULL,NULL,NULL,NULL,NULL
16,1603,160302,BUNAWAN,NULL,NULL,NULL,NULL,NULL,NULL
16,1603,160303,ESPERANZA,NULL,NULL,NULL,NULL,NULL,NULL
16,1603,160304,LA PAZ,NULL,NULL,NULL,NULL,NULL,NULL
16,1603,160305,LORETO,NULL,NULL,NULL,NULL,NULL,NULL
16,1603,160306,PROSPERIDAD (Capital),NULL,NULL,NULL,NULL,NULL,NULL
16,1603,160307,ROSARIO,NULL,NULL,NULL,NULL,NULL,NULL
16,1603,160308,SAN FRANCISCO,NULL,NULL,NULL,NULL,NULL,NULL
16,1603,160309,SAN LUIS,NULL,NULL,NULL,NULL,NULL,NULL
16,1603,160310,SANTA JOSEFA,NULL,NULL,NULL,NULL,NULL,NULL
16,1603,160311,TALACOGON,NULL,NULL,NULL,NULL,NULL,NULL
16,1603,160312,TRENTO,NULL,NULL,NULL,NULL,NULL,NULL
16,1603,160313,VERUELA,NULL,NULL,NULL,NULL,NULL,NULL
16,1603,160314,SIBAGAT,NULL,NULL,NULL,NULL,NULL,NULL
16,1667,166701,ALEGRIA,NULL,NULL,NULL,NULL,NULL,NULL
16,1667,166702,BACUAG,NULL,NULL,NULL,NULL,NULL,NULL
16,1667,166704,BURGOS,NULL,NULL,NULL,NULL,NULL,NULL
16,1667,166706,CLAVER,NULL,NULL,NULL,NULL,NULL,NULL
16,1667,166707,DAPA,NULL,NULL,NULL,NULL,NULL,NULL
16,1667,166708,DEL CARMEN,NULL,NULL,NULL,NULL,NULL,NULL
16,1667,166710,GENERAL LUNA,NULL,NULL,NULL,NULL,NULL,NULL
16,1667,166711,GIGAQUIT,NULL,NULL,NULL,NULL,NULL,NULL
16,1667,166714,MAINIT,NULL,NULL,NULL,NULL,NULL,NULL
16,1667,166715,MALIMONO,NULL,NULL,NULL,NULL,NULL,NULL
16,1667,166716,PILAR,NULL,NULL,NULL,NULL,NULL,NULL
16,1667,166717,PLACER,NULL,NULL,NULL,NULL,NULL,NULL
16,1667,166718,SAN BENITO,NULL,NULL,NULL,NULL,NULL,NULL
16,1667,166719,SAN FRANCISCO (ANAO-AON),NULL,NULL,NULL,NULL,NULL,NULL
16,1667,166720,SAN ISIDRO,NULL,NULL,NULL,NULL,NULL,NULL
16,1667,166721,SANTA MONICA (SAPAO),NULL,NULL,NULL,NULL,NULL,NULL
16,1667,166722,SISON,NULL,NULL,NULL,NULL,NULL,NULL
16,1667,166723,SOCORRO,NULL,NULL,NULL,NULL,NULL,NULL
16,1667,166724,SURIGAO CITY (Capital),NULL,NULL,NULL,NULL,NULL,NULL
16,1667,166725,TAGANA-AN,NULL,NULL,NULL,NULL,NULL,NULL
16,1667,166727,TUBOD,NULL,NULL,NULL,NULL,NULL,NULL
16,1668,166801,BAROBO,NULL,NULL,NULL,NULL,NULL,NULL
16,1668,166802,BAYABAS,NULL,NULL,NULL,NULL,NULL,NULL
16,1668,166803,CITY OF BISLIG,NULL,NULL,NULL,NULL,NULL,NULL
16,1668,166804,CAGWAIT,NULL,NULL,NULL,NULL,NULL,NULL
16,1668,166805,CANTILAN,NULL,NULL,NULL,NULL,NULL,NULL
16,1668,166806,CARMEN,NULL,NULL,NULL,NULL,NULL,NULL
16,1668,166807,CARRASCAL,NULL,NULL,NULL,NULL,NULL,NULL
16,1668,166808,CORTES,NULL,NULL,NULL,NULL,NULL,NULL
16,1668,166809,HINATUAN,NULL,NULL,NULL,NULL,NULL,NULL
16,1668,166810,LANUZA,NULL,NULL,NULL,NULL,NULL,NULL
16,1668,166811,LIANGA,NULL,NULL,NULL,NULL,NULL,NULL
16,1668,166812,LINGIG,NULL,NULL,NULL,NULL,NULL,NULL
16,1668,166813,MADRID,NULL,NULL,NULL,NULL,NULL,NULL
16,1668,166814,MARIHATAG,NULL,NULL,NULL,NULL,NULL,NULL
16,1668,166815,SAN AGUSTIN,NULL,NULL,NULL,NULL,NULL,NULL
16,1668,166816,SAN MIGUEL,NULL,NULL,NULL,NULL,NULL,NULL
16,1668,166817,TAGBINA,NULL,NULL,NULL,NULL,NULL,NULL
16,1668,166818,TAGO,NULL,NULL,NULL,NULL,NULL,NULL
16,1668,166819,CITY OF TANDAG (Capital),NULL,NULL,NULL,NULL,NULL,NULL
16,1685,168501,BASILISA (RIZAL),NULL,NULL,NULL,NULL,NULL,NULL
16,1685,168502,CAGDIANAO,NULL,NULL,NULL,NULL,NULL,NULL
16,1685,168503,DINAGAT,NULL,NULL,NULL,NULL,NULL,NULL
16,1685,168504,LIBJO (ALBOR),NULL,NULL,NULL,NULL,NULL,NULL
16,1685,168505,LORETO,NULL,NULL,NULL,NULL,NULL,NULL
16,1685,168506,SAN JOSE (Capital),NULL,NULL,NULL,NULL,NULL,NULL
16,1685,168507,TUBAJON,NULL,NULL,NULL,NULL,NULL,NULL
17,1740,174001,BOAC (Capital),NULL,NULL,NULL,NULL,NULL,NULL
17,1740,174002,BUENAVISTA,NULL,NULL,NULL,NULL,NULL,NULL
17,1740,174003,GASAN,NULL,NULL,NULL,NULL,NULL,NULL
17,1740,174004,MOGPOG,NULL,NULL,NULL,NULL,NULL,NULL
17,1740,174005,SANTA CRUZ,NULL,NULL,NULL,NULL,NULL,NULL
17,1740,174006,TORRIJOS,NULL,NULL,NULL,NULL,NULL,NULL
17,1751,175101,ABRA DE ILOG,NULL,NULL,NULL,NULL,NULL,NULL
17,1751,175102,CALINTAAN,NULL,NULL,NULL,NULL,NULL,NULL
17,1751,175103,LOOC,NULL,NULL,NULL,NULL,NULL,NULL
17,1751,175104,LUBANG,NULL,NULL,NULL,NULL,NULL,NULL
17,1751,175105,MAGSAYSAY,NULL,NULL,NULL,NULL,NULL,NULL
17,1751,175106,MAMBURAO (Capital),NULL,NULL,NULL,NULL,NULL,NULL
17,1751,175107,PALUAN,NULL,NULL,NULL,NULL,NULL,NULL
17,1751,175108,RIZAL,NULL,NULL,NULL,NULL,NULL,NULL
17,1751,175109,SABLAYAN,NULL,NULL,NULL,NULL,NULL,NULL
17,1751,175110,SAN JOSE,NULL,NULL,NULL,NULL,NULL,NULL
17,1751,175111,SANTA CRUZ,NULL,NULL,NULL,NULL,NULL,NULL
17,1752,175201,BACO,NULL,NULL,NULL,NULL,NULL,NULL
17,1752,175202,BANSUD,NULL,NULL,NULL,NULL,NULL,NULL
17,1752,175203,BONGABONG,NULL,NULL,NULL,NULL,NULL,NULL
17,1752,175204,BULALACAO (SAN PEDRO),NULL,NULL,NULL,NULL,NULL,NULL
17,1752,175205,CITY OF CALAPAN (Capital),NULL,NULL,NULL,NULL,NULL,NULL
17,1752,175206,GLORIA,NULL,NULL,NULL,NULL,NULL,NULL
17,1752,175207,MANSALAY,NULL,NULL,NULL,NULL,NULL,NULL
17,1752,175208,NAUJAN,NULL,NULL,NULL,NULL,NULL,NULL
17,1752,175209,PINAMALAYAN,NULL,NULL,NULL,NULL,NULL,NULL
17,1752,175210,POLA,NULL,NULL,NULL,NULL,NULL,NULL
17,1752,175211,PUERTO GALERA,NULL,NULL,NULL,NULL,NULL,NULL
17,1752,175212,ROXAS,NULL,NULL,NULL,NULL,NULL,NULL
17,1752,175213,SAN TEODORO,NULL,NULL,NULL,NULL,NULL,NULL
17,1752,175214,SOCORRO,NULL,NULL,NULL,NULL,NULL,NULL
17,1752,175215,VICTORIA,NULL,NULL,NULL,NULL,NULL,NULL
17,1753,175301,ABORLAN,NULL,NULL,NULL,NULL,NULL,NULL
17,1753,175302,AGUTAYA,NULL,NULL,NULL,NULL,NULL,NULL
17,1753,175303,ARACELI,NULL,NULL,NULL,NULL,NULL,NULL
17,1753,175304,BALABAC,NULL,NULL,NULL,NULL,NULL,NULL
17,1753,175305,BATARAZA,NULL,NULL,NULL,NULL,NULL,NULL
17,1753,175306,BROOKE'S POINT,NULL,NULL,NULL,NULL,NULL,NULL
17,1753,175307,BUSUANGA,NULL,NULL,NULL,NULL,NULL,NULL
17,1753,175308,CAGAYANCILLO,NULL,NULL,NULL,NULL,NULL,NULL
17,1753,175309,CORON,NULL,NULL,NULL,NULL,NULL,NULL
17,1753,175310,CUYO,NULL,NULL,NULL,NULL,NULL,NULL
17,1753,175311,DUMARAN,NULL,NULL,NULL,NULL,NULL,NULL
17,1753,175312,EL NIDO (BACUIT),NULL,NULL,NULL,NULL,NULL,NULL
17,1753,175313,LINAPACAN,NULL,NULL,NULL,NULL,NULL,NULL
17,1753,175314,MAGSAYSAY,NULL,NULL,NULL,NULL,NULL,NULL
17,1753,175315,NARRA,NULL,NULL,NULL,NULL,NULL,NULL
17,1753,175316,PUERTO PRINCESA CITY (Capital),NULL,NULL,NULL,NULL,NULL,NULL
17,1753,175317,QUEZON,NULL,NULL,NULL,NULL,NULL,NULL
17,1753,175318,ROXAS,NULL,NULL,NULL,NULL,NULL,NULL
17,1753,175319,SAN VICENTE,NULL,NULL,NULL,NULL,NULL,NULL
17,1753,175320,TAYTAY,NULL,NULL,NULL,NULL,NULL,NULL
17,1753,175321,KALAYAAN,NULL,NULL,NULL,NULL,NULL,NULL
17,1753,175322,CULION,NULL,NULL,NULL,NULL,NULL,NULL
17,1753,175323,RIZAL (MARCOS),NULL,NULL,NULL,NULL,NULL,NULL
17,1753,175324,SOFRONIO ESPAOLA,NULL,NULL,NULL,NULL,NULL,NULL
17,1759,175901,ALCANTARA,NULL,NULL,NULL,NULL,NULL,NULL
17,1759,175902,BANTON,NULL,NULL,NULL,NULL,NULL,NULL
17,1759,175903,CAJIDIOCAN,NULL,NULL,NULL,NULL,NULL,NULL
17,1759,175904,CALATRAVA,NULL,NULL,NULL,NULL,NULL,NULL
17,1759,175905,CONCEPCION,NULL,NULL,NULL,NULL,NULL,NULL
17,1759,175906,CORCUERA,NULL,NULL,NULL,NULL,NULL,NULL
17,1759,175907,LOOC,NULL,NULL,NULL,NULL,NULL,NULL
17,1759,175908,MAGDIWANG,NULL,NULL,NULL,NULL,NULL,NULL
17,1759,175909,ODIONGAN,NULL,NULL,NULL,NULL,NULL,NULL
17,1759,175910,ROMBLON (Capital),NULL,NULL,NULL,NULL,NULL,NULL
17,1759,175911,SAN AGUSTIN,NULL,NULL,NULL,NULL,NULL,NULL
17,1759,175912,SAN ANDRES,NULL,NULL,NULL,NULL,NULL,NULL
17,1759,175913,SAN FERNANDO,NULL,NULL,NULL,NULL,NULL,NULL
17,1759,175914,SAN JOSE,NULL,NULL,NULL,NULL,NULL,NULL
17,1759,175915,SANTA FE,NULL,NULL,NULL,NULL,NULL,NULL
17,1759,175916,FERROL,NULL,NULL,NULL,NULL,NULL,NULL
17,1759,175917,SANTA MARIA (IMELDA),NULL,NULL,NULL,NULL,NULL,NULL
15,1507,150713,TABUAN-LASA,NULL,NULL,NULL,NULL,NULL,NULL
15,1538,153830,DATU BLAH T. SINSUAT,NULL,NULL,NULL,NULL,NULL,NULL
15,1538,153835,DATU HOFFER AMPATUAN,NULL,NULL,NULL,NULL,NULL,NULL
15,1538,153836,DATU SALIBO,NULL,NULL,NULL,NULL,NULL,NULL
15,1538,153834,NORTHERN KABUNTALAN,NULL,NULL,NULL,NULL,NULL,NULL
15,1538,153837,SHARIFF SAYDONA MUSTAPHA,NULL,NULL,NULL,NULL,NULL,NULL
